PARROQUIA_CODIGO,parroquia_urbana_cne,sufragantes_v1,nulos,blancos,nulos_blancos_v1_pct,nulos_blancos_v1_n,votos_validos_v1,pc_centro,"pc_centro_con_tinte
institucionalista",pc_centro_pragmático,"pc_centro-derecha
moderado","pc_centro-izquierda
libertaria","pc_daniel_noboa_azin
(derecha_liberal_
moderada)",pc_derecha_autoritaria,"pc_derecha_autoritaria
dura","pc_derecha_autoritaria
moderada",pc_derecha_liberal,pc_derecha_moderada,pc_izquierda_autoritaria,pc_izquierda_libertaria,"pc_luisa_gonzalez
(izquierda_autoritaria)",votos_validos_v2,elec_v2_noboa_pct,elec_v2_luisa_pct,elec_v2_noboa_minus_luisa,zona_id_cne
7235.0,RUMIPAMBA,28889.0,1164.0,93.0,0.043511371110111115,1257.0,27613.0,0.03353492920001449,0.0006880817006482454,0.001665882012095752,0.0013037337485966754,0.0035852678086408575,0.7280990837648933,0.00894506210842719,0.0009053706587476913,0.0015572375330460291,0.0005794372215985224,0.0018831709701951978,0.0068083873537826385,0.022887770253141638,0.18755658566617173,28289.0,0.803492523595744,0.19650747640425606,0.6069850471914879,URB-7235
7170.0,IÑAQUITO,51367.0,2264.0,177.0,0.047520781824907044,2441.0,48896.0,0.035667539267015706,0.0008180628272251309,0.001942899214659686,0.0015338678010471205,0.0033949607329842933,0.6785217604712042,0.008098821989528797,0.0014520615183246073,0.0020042539267015706,0.0006339986910994765,0.0019224476439790577,0.007628435863874346,0.03462450916230367,0.22175638089005237,49861.0,0.7703616052626301,0.22963839473736988,0.5407232105252602,URB-7170
7195.0,LA CONCEPCION,21886.0,916.0,59.0,0.04454902677510737,975.0,20902.0,0.03133671419002966,0.0005262654291455363,0.0025834848339871784,0.001722323222658119,0.0031097502631327145,0.6837144770835327,0.004975600421012343,0.0009090039230695628,0.001913692469620132,0.0011003731700315758,0.0022007463400631516,0.008228877619366567,0.024447421299397188,0.2332312697349536,21477.0,0.767891232481259,0.232108767518741,0.535782464962518,URB-7195
7185.0,KENNEDY,55022.0,2866.0,251.0,0.05665006724582894,3117.0,51872.0,0.03572254780999383,0.0007132942628007403,0.0019085441085749538,0.0016772054287476866,0.0030266810610734113,0.643622763726095,0.005282233189389266,0.0016386489821098088,0.0023133867982726712,0.0008482418260333127,0.0029881246144355337,0.009619833436150525,0.033139265885256015,0.25749922887106724,53244.0,0.7425437607993389,0.25745623920066113,0.4850875215986778,URB-7185
7180.0,JIPIJAPA,32098.0,1479.0,136.0,0.0503146613496168,1615.0,30467.0,0.03229723963632783,0.0010174943381363443,0.0021662782682902813,0.0015098303082023172,0.002986838218400236,0.6455509239505038,0.007450684346998392,0.0008862047461187514,0.0018708766862506974,0.0010503167361407425,0.0024945022483342633,0.008041487511077559,0.04145468867955493,0.25122263432566383,31085.0,0.7420942576805534,0.2579057423194467,0.4841885153611067,URB-7180
7220.0,PONCEANO,23347.0,1146.0,149.0,0.0554675118858954,1295.0,22052.0,0.0321512787955741,0.0005441683294032287,0.0028568837293669507,0.0015871576274260838,0.002312715399963722,0.616678759296209,0.005214946490114275,0.0013604208235080718,0.0017685470705604933,0.0011790313803736623,0.0020859785960457102,0.007799746054779612,0.034418646834754214,0.29004171957192093,22501.0,0.7099240033776276,0.2900759966223723,0.4198480067552553,URB-7220
7130.0,BELISARIO QUEVEDO,32866.0,1853.0,174.0,0.06167467899957403,2027.0,30832.0,0.04128827192527244,0.0008432797093928386,0.0028217436429683446,0.0023676699532952775,0.003697457187337831,0.581279190451479,0.0065192008303061755,0.0018487285936689155,0.0024649714582252206,0.001070316554229372,0.0038271925272444214,0.013395173845355475,0.04229372080954852,0.2962830825116762,31200.0,0.70875,0.29125,0.4175,URB-7130
7215.0,MARISCAL SUCRE,18914.0,960.0,119.0,0.0570476895421381,1079.0,17819.0,0.03844211235198384,0.0008979179527470677,0.002132555137774286,0.0011785173129805265,0.003816151299175038,0.5951512430551659,0.007744542342443459,0.0011223974409338346,0.0021886750098209775,0.0010101576968404513,0.0027498737302878947,0.010718895560918122,0.047982490599921435,0.28486447050900726,18112.0,0.7030697879858657,0.2969302120141343,0.40613957597173145,URB-7215
7135.0,CARCELEN,34756.0,1894.0,226.0,0.06099666244677178,2120.0,32617.0,0.0343379219425453,0.000889106907440905,0.0019008492503909005,0.0013489897905999938,0.0027286384400772605,0.5850630039549928,0.005518594597909066,0.0015022840849863567,0.0021767789802863537,0.0009197657663181777,0.0031885213232363493,0.010853236042554497,0.03228377839776803,0.317288530520894,33408.0,0.6868115421455939,0.31318845785440613,0.3736230842911878,URB-7135
7175.0,ITCHIMBIA,34643.0,2009.0,189.0,0.06344716104263487,2198.0,32438.0,0.038288427153338675,0.0008323571120291016,0.0022504470065972007,0.002127134841852149,0.0034835686540477216,0.556846907947469,0.0056107034958998705,0.0016647142240582033,0.0029286639126949875,0.001171465565077995,0.003637708859979037,0.011899623897897527,0.046087921573463225,0.3231703557555953,33157.0,0.6784992610911723,0.3215007389088277,0.3569985221823446,URB-7175
7245.0,SAN ISIDRO DEL INCA,24465.0,1310.0,143.0,0.05939096668710402,1453.0,22999.0,0.03717552937084221,0.0006522022696638985,0.002260967868168181,0.0019131266576807688,0.0033479716509413455,0.5528066437671203,0.006652463150571764,0.001782686203747989,0.002174007565546328,0.0009130831775294578,0.0032175311970085657,0.010304795860689595,0.0500891343101874,0.3267098569503022,23327.0,0.6768980151755476,0.32310198482445235,0.35379603035109525,URB-7245
5540.0,LA MAGDALENA,67978.0,3973.0,460.0,0.06521227455941628,4433.0,63513.0,0.03703178876765387,0.0007400059830270969,0.0026451277691181335,0.0018421425534929858,0.0027395966180152093,0.5459827122006519,0.0059515374805158,0.0019366114023900618,0.002755341426164722,0.001196605419362965,0.0035110922173413315,0.01295797710704895,0.04610079826177318,0.33460866279344387,64760.0,0.6734403953057443,0.3265596046942557,0.3468807906114886,URB-5540
7250.0,SAN JUAN,35291.0,2154.0,216.0,0.06715593210733614,2370.0,32905.0,0.036225497644734844,0.0009724965810667072,0.0026743655979334447,0.001732259535025072,0.003494909588208479,0.5233247226865219,0.006230056222458593,0.002036164716608418,0.0027655371524084485,0.0015499164260750645,0.0035253001063668137,0.014131590943625589,0.059778149217444156,0.34155903358152256,33494.0,0.6588344181047352,0.3411655818952648,0.3176688362094704,URB-7250
7145.0,COCHAPAMBA,27272.0,1483.0,258.0,0.06383836902317395,1741.0,25516.0,0.032998902649318075,0.001214923969274181,0.0034880075246903905,0.0014892616397554476,0.003605580812039505,0.5268850917071641,0.006544912995767362,0.0014500705439724096,0.0019987458849349427,0.0014108794481893713,0.0031744787584260855,0.009601818466844332,0.062353033390813606,0.3437842922088102,25907.0,0.6560775080094183,0.34392249199058167,0.31215501601883666,URB-7145
5220.0,COTOCOLLAO,74907.0,4735.0,485.0,0.06968641114982578,5220.0,69656.0,0.04413115883771678,0.0007608820489261514,0.0028281842195934308,0.0017658206041116344,0.003072240725852762,0.5101498794073733,0.00506776157114965,0.001794533134259791,0.0031870908464453887,0.0015074078327782245,0.00429252325714942,0.01279143218100379,0.048811301251866314,0.3598397840817733,70864.0,0.6558054865658162,0.3441945134341838,0.3116109731316324,URB-5220
7155.0,CHILIBULO,16739.0,1071.0,137.0,0.07216679610490472,1208.0,15529.0,0.03612595788524696,0.0010303303496683625,0.0026402215210251786,0.002253847639899543,0.003026595402150815,0.4959108764247537,0.006439564685427265,0.0013523085839397258,0.0021250563461909975,0.0011591216433769077,0.003992530104964904,0.013523085839397257,0.06664949449417219,0.3637710090797862,15720.0,0.6450381679389313,0.3549618320610687,0.29007633587786263,URB-7155
7225.0,PUENGASI,23928.0,1476.0,162.0,0.06845536609829489,1638.0,22275.0,0.03685746352413019,0.0007631874298540966,0.0028282828282828283,0.00202020202020202,0.003501683501683502,0.5160493827160494,0.006464646464646465,0.0013468013468013469,0.0028282828282828283,0.0008080808080808081,0.00287317620650954,0.012749719416386083,0.053647586980920314,0.3572615039281706,22493.0,0.6427777530787356,0.3572222469212644,0.2855555061574712,URB-7225
7255.0,SOLANDA,40834.0,2376.0,239.0,0.06403977077925259,2615.0,38202.0,0.0390555468300089,0.0008376524789278048,0.003167373435945762,0.0019894246374535366,0.0024867807968169207,0.5154703942201979,0.004947384953667347,0.0013611852782576827,0.0025914873566828963,0.001335008638291189,0.003402963195644207,0.013245379823045914,0.04541647034186692,0.364692948013193,38736.0,0.6418060718711276,0.35819392812887235,0.28361214374225524,URB-7255
5015.0,CHIMBACALLE,63666.0,3776.0,481.0,0.06686457449816229,4257.0,59384.0,0.03834366159234811,0.0006735821096591674,0.002610130674929274,0.0018018321433382728,0.0029637612825003366,0.5055907315101711,0.005944362117742153,0.002172302303650815,0.0027616866496025867,0.0013303246665768557,0.0035699851811935874,0.013471642193183348,0.05189950154923885,0.3668664960258656,60297.0,0.6403635338408212,0.3596364661591787,0.2807270676816425,URB-5015
7240.0,SAN BARTOLO,45228.0,2628.0,293.0,0.0645838860882639,2921.0,42291.0,0.03929914166134638,0.0009931191033553239,0.002908420231254877,0.0016788441985292378,0.0034759168617436334,0.49994088576765744,0.004658201508595209,0.0015842614267811118,0.0024827977583883097,0.001229576032725639,0.0038542479487361377,0.014021895911659692,0.054408739448109526,0.3694639521411175,42745.0,0.6367762311381449,0.3632237688618552,0.27355246227628965,URB-7240
7140.0,CENTRO HISTORICO,55757.0,3493.0,480.0,0.07125562709614937,3973.0,51768.0,0.03229794467624787,0.001081749343223613,0.003052078504095194,0.0025884716427136455,0.003361149745016226,0.48495209395765726,0.006490496059341678,0.002279400401792613,0.0024725699273682586,0.0013908205841446453,0.003573636223149436,0.013444598980064905,0.07993354968320197,0.3630814402719827,52679.0,0.6294348791738643,0.37056512082613563,0.2588697583477287,URB-7140
7210.0,LA MENA,21706.0,1367.0,220.0,0.07311342485948585,1587.0,20103.0,0.03417400388001791,0.0005969258319653783,0.0019400089538874794,0.0019897527732179276,0.003084116798487788,0.4880366114510272,0.005869770680992887,0.0013430831219221012,0.003084116798487788,0.0013430831219221012,0.003382579714470477,0.01402775705118639,0.05695667313336318,0.38417151668905136,20134.0,0.6248634151187047,0.3751365848812953,0.24972683023740938,URB-7210
5535.0,LA LIBERTAD,14849.0,1037.0,141.0,0.07933194154488518,1178.0,13669.0,0.032701733850318236,0.0009510571365864364,0.002926329651035189,0.0018289560318969931,0.0032921208574145876,0.448898968468798,0.006364766991001536,0.003438437339966347,0.0027800131684834295,0.0018289560318969931,0.0024873802033799105,0.012290584534347794,0.09452044772843661,0.3856902480064379,13917.0,0.6245598907810591,0.3754401092189409,0.24911978156211823,URB-5535
5260.0,CHILLOGALLO,95038.0,6396.0,837.0,0.07610639954544499,7233.0,87765.0,0.039924799179627414,0.000786190394804307,0.0022902068022560246,0.0019142027003930951,0.002335783057027289,0.4343644960975332,0.004717142368825842,0.0016749273628439583,0.003691676636472398,0.0015381985985301657,0.004409502649119808,0.014880647182817753,0.07988378055033328,0.4075884464194155,88996.0,0.6053530495752618,0.3946469504247382,0.21070609915052363,URB-5260
7205.0,LA FERROVIARIA,30190.0,1906.0,273.0,0.07217621729049355,2179.0,28002.0,0.03428326548103707,0.0011070637811584887,0.0029997857295907433,0.0018212984786800943,0.003999714306120991,0.4657881579887151,0.0065709592171987715,0.0021069923576887365,0.002392686236697379,0.0013570459252910507,0.004142561245625312,0.012856224555388901,0.06220984215413185,0.3983644025426755,28525.0,0.6051183172655565,0.39488168273444346,0.21023663453111308,URB-7205
7230.0,QUITUMBE,36685.0,2165.0,333.0,0.06809322611421562,2498.0,34171.0,0.03944865529249949,0.0007316145269380469,0.0031313101752948407,0.0020192560943490096,0.0027508706212870564,0.4633753767814814,0.00421409967516315,0.0019314623511164438,0.0020192560943490096,0.0011413186620233531,0.0029557226888297095,0.01202774282286149,0.07181528196423868,0.39243803224956836,34570.0,0.6048307781313278,0.39516922186867226,0.20966155626265554,URB-7230
7200.0,LA ECUATORIANA,30800.0,1965.0,315.0,0.07402597402597402,2280.0,28499.0,0.03470297203410646,0.000736867960279308,0.003473806098459595,0.0021053370293694514,0.0028422049896487597,0.41559352959752976,0.005789676830765992,0.002210603880837924,0.0028772939401382506,0.0014035580195796344,0.0035439839994385767,0.013298712235517035,0.09074002596582337,0.4206814274185059,28805.0,0.5742058670369727,0.42579413296302726,0.14841173407394548,URB-7200
7160.0,EL CONDADO,42140.0,2864.0,430.0,0.07816801139060275,3294.0,38825.0,0.033638119768190596,0.000746941403734707,0.0034771410173857053,0.001905988409529942,0.003013522215067611,0.42972311654861556,0.006773985833869929,0.001957501609787508,0.0026529298132646493,0.001468126207340631,0.0036059240180296203,0.011461687057308436,0.06343850611719253,0.43613650998068254,39296.0,0.573239006514658,0.426760993485342,0.14647801302931596,URB-7160
7150.0,COMITE DEL PUEBLO,26165.0,1832.0,246.0,0.07941907127842537,2078.0,24083.0,0.03845035917452145,0.0013702611800855374,0.0029066146244238673,0.0018685379728439148,0.0022007225013494997,0.42694016526180295,0.005730183116721339,0.0021176763692231032,0.0032803222189926504,0.0015363534443383299,0.004442968068762198,0.013910227131171366,0.04812523356724661,0.44712037536851723,24544.0,0.5673076923076923,0.4326923076923077,0.13461538461538458,URB-7150
7260.0,TURUBAMBA,28032.0,1754.0,315.0,0.07380850456621005,2069.0,25951.0,0.03448807367731494,0.0006165465685330045,0.0023120496319987667,0.0024276521135987053,0.002466186274132018,0.4019498285229856,0.0046240992639975335,0.001965242187198952,0.0019267080266656392,0.001233093137066009,0.003506608608531463,0.01109783823359408,0.10774151285114254,0.4236445609032407,26153.0,0.5586357205674302,0.4413642794325699,0.11727144113486027,URB-7260
7165.0,GUAMANI,46598.0,3064.0,454.0,0.07549680243787286,3518.0,43059.0,0.035277177825773935,0.0008360621472862816,0.001997259574072784,0.001532780603358183,0.0017650200887154835,0.3733017487633247,0.004366102324717248,0.0023223948535730046,0.0026010822360017652,0.0014398848092152627,0.0037855036113239975,0.012215796929794003,0.12401588518079844,0.43454330105204486,43337.0,0.5558991162286268,0.4441008837713732,0.11179823245725357,URB-7165
7190.0,LA ARGELIA,24236.0,1540.0,222.0,0.07270176596798152,1762.0,22460.0,0.03668744434550312,0.0011130899376669634,0.0023597506678539625,0.0019145146927871772,0.004185218165627782,0.3842386464826358,0.00578806767586821,0.007747105966162066,0.0023597506678539625,0.0014247551202137133,0.0033392698130008903,0.013579697239536954,0.09082813891362422,0.4444345503116652,22564.0,0.5516752348874313,0.4483247651125687,0.10335046977486262,URB-7190
