zona_id,viirs,ndvi,mndwi
50-001,25.516034531555654,0.17757255533564859,-0.052036194984790084
50-002,24.395268711992486,0.13505613191289145,-0.033553287836024896
50-003,25.304129713552967,0.1545826813204684,-0.04039067583330538
50-004,22.13466211909501,0.13555447650217062,-0.0238475059444772
50-005,20.446380978538873,0.11980762866864582,-0.015055462051157573
50-006,26.13572161474893,0.0740117745725879,-0.002248691678858424
50-007,28.131310943077352,0.06762227687325766,-0.0003634283050118916
50-008,29.011862979215735,0.1222458762784861,-0.02185741258174627
50-009,35.00859401743607,0.19978730565901034,-0.04879542986434529
50-010,20.13359064235178,0.19739412772466672,-0.039077265957790264
50-011,32.85938588261394,0.17806515952999205,-0.032833016114896724
50-012,37.547590494155884,0.10866895996214822,-0.016556378983631815
50-013,34.01611524561177,0.11351199071766489,-0.021195381378733204
50-014,28.362775656595183,0.11960608456793526,-0.019725313317989428
50-015,30.192691278862878,0.15084901428492895,-0.023518335537049493
50-016,30.40736509435317,0.14911789234098957,-0.0205503456416692
50-017,28.125642153075695,0.10334059072282528,-0.01889164830061303
50-018,35.48195482183386,0.1432290031235202,-0.02959440741791946
50-019,28.223274501024093,0.10235296432899124,-0.017981489211772804
50-020,27.107790393723967,0.09635354752247198,-0.012417640536613211
50-021,30.787776339074984,0.1541273200971965,-0.03047352445362434
50-022,36.710071708321145,0.14944347361630353,-0.03237931558016818
50-023,37.9435785311573,0.2110430509911876,-0.04135498221979369
50-024,40.17476276112293,0.16343659590966292,-0.03153330115948461
50-025,55.06536986666861,0.08932562856706931,-0.015877921070534737
50-026,44.90341770102125,0.0995560938512341,-0.02585436968847052
50-027,40.8406252300038,0.11335219982780968,-0.03523690084726313
50-028,34.29629194168818,0.1841014071436007,-0.051829323109895284
50-029,46.89518930942198,0.08497890940167062,-0.02785999421108851
50-030,39.132133398163184,0.05638415573763427,-0.018940511332085592
50-031,39.9774083199261,0.09562380907768207,-0.029821576551872876
50-032,41.15732146440926,0.15131912091076977,-0.046182389212424194
50-033,42.53738107731204,0.10751675199848457,-0.02963667777689391
50-034,41.92208848571096,0.16682499554610283,-0.046654314243057333
50-035,48.08522334137583,0.1261987459448983,-0.03299887562888335
50-036,62.13023291940939,0.0935894186313083,-0.02741265020023212
50-037,70.133242953647,0.08492514377804142,-0.02484733208787633
50-038,76.82611865234375,0.05881686174911748,-0.019805531547341052
50-039,50.028041358935525,0.16256482996461874,-0.04904527893077667
50-040,45.90109628609822,0.1347816336883885,-0.037644882554133674
50-041,58.427087249755864,0.16408292804282074,-0.047831093084123276
50-042,61.307103885280824,0.14581433233543475,-0.047812325421440816
50-043,68.70167297659471,0.058342808437208835,-0.03647359988445226
50-044,56.761580414147105,0.08597380708458954,-0.023951523000360474
50-045,48.41589747837611,0.1352077947694814,-0.027778887567505784
50-046,64.31999973251885,0.10755411529953811,-0.024370657525383085
50-047,54.297721078770564,0.06492360883530991,-0.020424821928727147
50-048,58.08546624629141,0.0684876139101183,-0.015125178777964772
50-049,52.970730492338255,0.0984848420733488,-0.015144750898679855
50-050,41.09508854584086,0.13132066389019328,-0.023305059950689693
50-051,48.08825589711792,0.10123396072226014,-0.010794977563628433
50-052,26.2087452298119,0.13563286068557226,-0.02323954248518977
50-053,17.893423876036767,0.18182960224772152,-0.04141438627223273
50-054,30.594424867410265,0.14754366873663102,-0.01616920954831922
50-055,21.49923094169243,0.15539727187399147,-0.018489406080981565
50-056,26.52725484324436,0.14010621397532227,-0.014858782546114337
50-057,21.92062218560113,0.11922158700626947,-0.01578776283353412
50-058,25.475178956985474,0.11292258405719494,-0.00638324847846139
50-059,39.24177746242947,0.07281981023658808,-4.058491718597121e-05
50-060,51.348640488189396,0.12166780666175771,-0.009749297815018076
50-061,36.55843225427576,0.08104751737533987,-0.005856461195570779
50-062,55.65859702679751,0.07724565999716605,-0.0017562836223509468
50-063,53.302524860088646,0.11135747132575335,-0.015141461897260764
50-064,53.60674625553497,0.06517087101392233,-0.009352682593486763
50-065,54.75008214521537,0.060287126476640994,-0.013763872511845462
50-066,62.710097510974606,0.04837604985077268,-0.011453566597800452
50-067,66.39596504366337,0.06017116382801875,-0.023332183874846302
50-068,61.78408999623303,0.061966090111558715,-0.018971647246404957
50-069,58.776075662660205,0.059114104950975105,-0.017259965858716024
50-070,55.28067342657791,0.08558243060866427,-0.020503538541571838
50-071,61.7910223529387,0.10326812109566631,-0.02534768627085698
50-072,75.31069252082892,0.06206164034946777,-0.022699062483041606
50-073,66.41900814110453,0.08722953964619405,-0.04288481426759239
50-074,55.66060678582442,0.15658255867451623,-0.04946214371196575
50-075,56.98581411672192,0.050803800182078335,-0.024552471494150692
50-076,44.74025520911584,0.13668211436243688,-0.034550466946075796
50-077,47.08337691023543,0.10203119861796214,-0.024552762046791122
50-078,34.41104899512397,0.15004112528884128,-0.04412386926576995
50-079,42.946363275701344,0.13157856999448828,-0.04039447696598025
50-080,51.743945760464456,0.15493230144626643,-0.049068366389531846
50-081,65.7432737974363,0.12380047571462965,-0.03207602735527755
50-082,56.47899546425724,0.049149914900538015,-0.029737127577266834
50-083,66.8618351618449,0.07194259111265762,-0.021111309484879787
50-084,68.85674984483833,0.04297271746589272,-0.015403338329211633
50-085,75.82786662926834,0.04332590526051975,-0.013450874365338993
50-086,71.91000366210938,0.04624008363191482,-0.021533747512919147
50-087,76.43298171569252,0.08605863390815616,-0.03196477420735108
50-088,67.26922126060646,0.06654953266759991,-0.00854107789221693
50-089,63.900707749586836,0.055381717054826626,-0.014613720310552579
50-090,51.37927275437576,0.08023004910665878,-0.01610640958045125
50-091,66.80933205922446,0.05882091898757271,-0.007089531125010514
50-092,73.2772201673519,0.05562566629852731,-0.0011330654342610628
50-093,59.6700796269356,0.06693183537975664,-0.004015902482681458
50-094,68.70688591628779,0.09081610894291037,-0.009647616030112476
50-095,72.55830937666857,0.09951899421461843,-0.001939053083159603
50-096,64.42822158942788,0.07495146666814584,-0.004972543703200468
50-097,59.9896664777805,0.07198421712436898,-0.005440075516153188
50-098,70.01980615273501,0.09288648634239009,0.0058596330326613185
50-099,54.07232882007617,0.12075073350391548,-0.01727152629424725
50-100,32.04689717988437,0.11612064787419049,-0.00828201915491645
50-101,12.769699688148817,0.17086238716441246,-0.02480689048165264
50-102,28.01761890956333,0.14084627678459588,-0.014168114294645312
50-103,48.75291406903947,0.08904571332711995,-0.005443010599316874
50-104,55.13660130582403,0.06197906301934661,0.00236069440101588
50-105,60.33379396771461,0.057460308199039564,-0.003246401605931092
50-106,70.49806413001058,0.053669660956521203,-0.006936038807837539
50-107,59.77113612768507,0.081915900409853,-0.009712878474891475
50-108,49.49735509658873,0.10755806920015969,-0.008312915846863037
50-109,37.72860170436162,0.1131099816205525,-0.007512944040039896
50-110,40.11650926324556,0.13571703124735474,-0.024683847587283054
50-111,40.747535954251816,0.13094900509230775,-0.01705467081899172
50-112,75.5758520782971,0.08741245930869539,-0.005751946216884914
50-113,66.82956482554168,0.12536940482451356,-0.031300597874049534
50-114,63.05643945333296,0.07710941565389326,-0.011400051738685612
50-115,67.9540642530595,0.09112692195064252,-0.029021226320395905
50-116,70.79992200411284,0.05744410081359452,-0.015133753634981902
50-117,70.73771255955553,0.08335566374852064,-0.02364561840957212
50-118,77.86138742729692,0.06607302548938679,-0.022387900808950836
50-119,48.61620704387797,0.12218317021614479,-0.02471070244322995
50-120,41.23621482633602,0.13021396057563098,-0.05068391851927315
50-121,47.161113610356075,0.1274531358783561,-0.042437952883637324
50-122,35.20388656679115,0.15999148657111079,-0.05966632398921404
50-123,54.334525638156464,0.11166834857410855,-0.04054310415588975
50-124,68.56302650351273,0.07923105541036962,-0.010124584003785676
50-125,53.34520105533186,0.12972311848668247,-0.030106646914011617
50-126,67.47220744345297,0.06727438748259228,-0.008423498319334812
50-127,74.70899709065755,0.05916295839287512,-0.012347968599085499
50-128,75.24219459772941,0.059549226952030986,-0.013751449821981631
50-129,85.4085623777507,0.0728970718119996,-0.020068271853270637
50-130,89.03299536432166,0.06399861605945871,-0.015166548500569468
50-131,95.00141848874895,0.0702507354872716,-0.028200813674982773
50-132,82.51189821712,0.05778198550834219,-0.026945996474377596
50-133,70.45735544198985,0.06041315987550108,-0.02582059702422277
50-134,65.97238886633585,0.06982665420948976,-0.02739938105194169
50-135,48.85836455815699,0.08194784455283295,-0.029771153736951734
50-136,35.22473034907862,0.15615061005939967,-0.047084619074066664
50-137,42.39075294884936,0.161867422012761,-0.04515254092292596
50-138,46.81637049229079,0.16244567255885026,-0.0382516188923127
50-139,61.76918250414447,0.09855190032974652,-0.028844481556343532
50-140,72.58649050681514,0.07020736240855964,-0.024023640374921752
50-141,82.10762457346638,0.0592468126488735,-0.02322618868329225
50-142,96.13095181720402,0.06698689940720225,-0.00664885091640397
50-143,80.88717742669779,0.09576994360347083,-0.010675407408739556
50-144,60.87995149518722,0.10731067325298635,-0.009165847111257142
50-145,58.094824194211014,0.12797933499240854,-0.005105264949540142
50-146,81.22155604471689,0.08152694309265433,0.0015118074373249308
50-147,95.0045163610562,0.06272269866062798,-0.002437276750463238
50-148,90.9247463033657,0.051788941827849086,-0.006584929775310779
50-149,91.68994938419554,0.05868642389482609,0.0024928208720914414
50-150,77.9506736870565,0.09873914594567033,-0.025923367719854703
50-151,72.0749641277172,0.10364704202600523,-0.013912105669750605
50-152,68.79997196252478,0.110590659957293,-0.011878396471127685
50-153,82.64445898220967,0.0690581187591319,-0.008887323139310996
50-154,100.86530963285469,0.07610138396351794,0.00811324533214622
50-155,102.75175643845915,0.05830980003283038,0.011811590306755286
50-156,119.38420210924532,0.15335239762820915,-0.015566452365691692
50-157,99.97728934393992,0.07863736951869216,-0.00019606549423744626
50-158,95.21044415212506,0.0729809109236486,-0.0015839813437515027
50-159,64.45945092053479,0.18079645937737943,-0.027237078910353974
50-160,40.949209467569986,0.12761822780313659,-0.010725032540536887
50-161,38.808665281786595,0.1570953592256514,-0.02823947304166733
50-162,46.56731426154477,0.15189080838944444,-0.028017490137166545
50-163,37.16892854949277,0.1459957005775912,-0.02893662507041975
50-164,46.957345678156074,0.09534256460151502,-0.018923420001761317
50-165,55.31552637478471,0.08697630062995641,-0.014673777781223293
50-166,73.64220053606694,0.0799462577957413,-0.00018216341782216816
50-167,69.60351616550207,0.08702740629894368,-0.006451343026370892
50-168,101.59490942521528,0.05685220214138843,-0.001489045709791253
50-169,107.1483769539075,0.05480241814112398,0.0037980693869721226
50-170,105.89460503427608,0.06296139343135544,0.009036549901549598
50-171,107.16936497890212,0.08495512971499546,-0.01187705376489208
50-172,100.71138420104981,0.06148399806844324,0.00048199406726622874
50-173,94.90918470888721,0.0799831084039512,0.011985056510380104
50-174,106.20938190660979,0.06812699508390808,0.009174449060974563
50-175,57.544714921614414,0.148917857090174,-0.016787730525048263
50-176,77.38526545161696,0.10327839265499475,-0.0006833611133378674
50-177,74.58341740100526,0.24359001756802337,-0.056645449104660114
50-178,100.59877628588494,0.08981566042379563,-0.004746553468610877
50-179,128.5719291933121,0.06387483649307014,-0.00220101409511302
50-180,140.2534654405382,0.055014267748154544,-0.01178223993768901
50-181,125.799819238585,0.06220227535172163,-0.007312646503418634
50-182,90.93907236238806,0.07038554387298468,-0.004261732490360433
50-183,71.50052107297459,0.11893360554942056,-0.011421697203421571
50-184,116.42461571326625,0.06404447509379098,-0.010117456866525529
50-185,80.73262927406715,0.06416250617982822,-0.0033088254217014594
50-186,59.642913212049876,0.0705049660072331,-0.0058402560410599665
50-187,37.10296345345768,0.1342318756482146,-0.01856230188161538
50-188,103.57520571031849,0.10678744701099406,-0.02453542823498541
50-189,144.67632603744528,0.06463825874723261,-0.020272366388307355
50-190,151.61514088464162,0.06319553172011858,-0.01343060629744679
50-191,129.93113257450128,0.07797765700726732,-0.01854160573310118
50-192,101.23484048163316,0.09506897883783987,-0.03450538430082385
50-193,90.15093581895668,0.10491360537635769,-0.02497661892758991
50-194,55.435008795435444,0.21284390820955765,-0.059985009954220514
50-195,66.297242702908,0.07492586024862433,-0.03720002363356253
50-196,52.50809389578328,0.24204918062796651,-0.052239286682007655
50-197,76.98475841077394,0.1575991716796348,-0.04727406531357413
50-198,82.37497684391401,0.18866935097232063,-0.05526705320253921
50-199,130.30853632360623,0.11899838328043494,-0.022559537043691725
50-200,131.75934354047843,0.060867110403237557,-0.019312089864765743
50-201,109.38993439307578,0.05228701943212003,-0.01649377604516162
50-202,109.97494275382394,0.05639462516188896,-0.02707410374089901
50-203,62.84673251640507,0.1259598686506737,-0.02508605053306224
50-204,31.64852709855352,0.15393157612688682,-0.027452489057616606
50-205,28.836018379576906,0.15840519876800974,-0.0333160712394043
50-206,32.94390515787193,0.16671503182319047,-0.021449346924693198
50-207,47.3614001218447,0.1395808381898626,-0.02838572095933553
50-208,58.36342599656847,0.100214615352458,-0.029852307830557
50-209,47.28119473433613,0.12352074369614592,-0.026797488239610777
50-210,77.93784115483852,0.09851088791450362,-0.02835086678480869
50-211,93.93716027832032,0.08246306118901238,-0.034784792065465246
50-212,76.45673005685866,0.05808740743061277,-0.023324874682287285
50-213,119.57584038036782,0.05490629374379666,-0.03104231078759809
50-214,129.31383835894508,0.0587039877190781,-0.04333839541298548
50-215,135.90579110033377,0.0495932362301037,-0.03743162443236333
50-216,120.37367099061305,0.06888427528482671,-0.03189806132499118
50-217,112.63999882817785,0.0609096362573053,-0.03569081880757055
50-218,130.00336750348407,0.06835908570331078,-0.03768625043120059
50-219,117.64166176121098,0.08026185678874155,-0.0317420772696164
50-220,68.81766789249392,0.12595482279687384,-0.018610553347925544
50-221,47.04424653734479,0.14238601390569833,-0.03364527107220979
50-222,42.082604744855104,0.21553296472125008,-0.03981419991318101
50-223,47.89843052064357,0.13891060706779354,-0.030417345679847926
50-224,34.967039459630065,0.2219994389542244,-0.05292697523642585
50-225,38.319116342039266,0.13644986527608588,-0.02494821463414593
50-226,28.454943577088923,0.21025072194340516,-0.05119271775572467
50-227,41.9578176847646,0.19377142554726623,-0.04684177931308826
50-228,53.03726104840841,0.15640955713700472,-0.039978148583260126
50-229,53.095898782421735,0.1358663187555006,-0.0371343945943536
50-230,57.772166027059804,0.13892854876170638,-0.04552859329376623
50-231,50.34110153036774,0.1792069628735659,-0.03783589577725968
50-232,47.27001363336659,0.20956397502981533,-0.027869393680167567
50-233,77.4218755383271,0.11293474572880187,-0.01980447618488385
50-234,88.55283643328956,0.13464816386906212,-0.031522566997207915
50-235,95.2010104542687,0.15873991868075646,-0.05080197443207689
50-236,120.7677871097218,0.05982589224446566,-0.03273597695651908
50-237,99.13677651541572,0.06341043683463084,-0.04459219259474722
50-238,107.2620934746482,0.06389476254227976,-0.025788101543556204
50-239,32.70694748720332,0.20390894222522693,-0.05061445235463485
50-240,29.96289658149084,0.1911976769129612,-0.0431661346397296
50-241,47.82679410524006,0.1203687224757821,-0.03774266719057477
50-242,57.258767487166764,0.09342259320078243,-0.03479952991813173
50-243,81.44100297552437,0.17610861963014457,-0.030863333381114726
50-244,64.1437075138092,0.0813803916705386,-0.026505210338041443
50-245,87.17135258724815,0.07109871706489958,-0.03088243749993339
50-246,63.47503605784986,0.10092139687741866,-0.03242897684219538
50-247,48.030343567984445,0.15374674587122003,-0.036840053605512645
50-248,33.304065219239696,0.1922342325163896,-0.045065579148940244
50-249,49.848049393782375,0.14773057929083713,-0.03701863549053042
50-250,73.44773001499861,0.0698496966955554,-0.019120066526610007
50-251,89.96195407030059,0.07645033172653094,-0.027038876781877292
50-252,102.10405780680509,0.07001119850550253,-0.02252863880549183
50-253,91.21762420336407,0.12458041871729354,-0.035993915088931995
50-254,88.48635113623833,0.09530234631377436,-0.031568398027498
50-255,93.95882855629435,0.05954052488755538,-0.027814289188726048
50-256,90.41827079093102,0.059074888791417646,-0.03519941633205263
50-257,81.36893466838356,0.058837498298522514,-0.02179280291734731
50-258,76.71362589128343,0.09745415887288875,-0.023894283729424672
50-259,73.16530835312024,0.06843585178104124,-0.021933385945482484
50-260,63.35014979803741,0.09819792655800298,-0.027627693139714003
50-261,50.21647615886871,0.13181717551408711,-0.030223752022318667
50-262,56.55907901582263,0.12257477973023412,-0.04243724271645609
50-263,54.706040811218685,0.09577717346997017,-0.04070169635560384
50-264,50.526299376514075,0.14004390668316705,-0.05539013858005874
50-265,44.2905880714375,0.18278893025706366,-0.04122059707917875
50-266,48.23972773696438,0.18216845691217876,-0.057085226388480036
50-267,51.30428279822981,0.14332135616250508,-0.05595660153580961
50-268,53.72034930274601,0.13832477134282203,-0.05208618778075261
50-269,50.980047037903695,0.13761361029570035,-0.046397698122365626
50-270,46.566621584124796,0.15156890934465814,-0.05286632067531638
50-271,41.648734633056094,0.13792395777789834,-0.038744563901843644
50-272,53.18864555645706,0.07771292328102804,-0.02481848403135458
50-273,62.325212124415806,0.08285406720281441,-0.03165697252052246
50-274,68.57487028073041,0.06147505606278362,-0.020990458254422025
50-275,82.77966011176676,0.04902450237112955,-0.021812888640481358
50-276,80.8997706270766,0.05360442099040599,-0.021670196086357518
50-277,87.51092957444332,0.07043615136302105,-0.023383967279124892
50-278,76.27817462584233,0.1168346021356161,-0.02285605533615207
50-279,76.11402423256322,0.07186135108793541,-0.027968200153910584
50-280,80.49099756799797,0.06320392659314486,-0.017401527141387426
50-281,63.42491163575094,0.08438277616309865,-0.021053990381125088
50-282,50.249067067556894,0.1228857916113133,-0.021464964900633706
50-283,42.8940185155624,0.12223361915288457,-0.022445202600510524
50-284,23.803747174826015,0.22632547200454806,-0.06146643077367077
50-285,39.23036552349311,0.18216663316900972,-0.04337040959796012
50-286,44.619011084238686,0.12841745684935935,-0.03096103857463812
50-287,48.93531359945025,0.1006186784560084,-0.017617887476576676
50-288,66.1713033558633,0.08800609981282541,-0.02327548912463972
50-289,75.5098404229856,0.07270268517808257,-0.01701473225437727
50-290,75.04732208968329,0.06947388086331645,-0.013544265562240827
50-291,79.13683901335064,0.0669459629045008,-0.017849897770253868
50-292,76.57565820768633,0.1316599899465984,-0.03668387473678915
50-293,75.77889003450909,0.06595517631243011,-0.021748871316071818
50-294,76.16327957805937,0.10648488028736368,-0.02297281704151778
50-295,66.81186127773552,0.07229319935538324,-0.024995498420078404
50-296,65.93812377306881,0.09870218531459386,-0.04259332526565806
50-297,77.32047263739621,0.06323657203288732,-0.02707685365109101
50-298,72.43394234509972,0.06136257073539148,-0.033573343938760956
50-299,66.48022085861122,0.07276387413036123,-0.03573178175081141
50-300,61.22233047485352,0.0831440573125775,-0.03255511784932382
50-301,46.87724469632519,0.124676091907215,-0.03768978864877033
50-302,32.86179023674404,0.177006204380058,-0.04869530241990831
50-303,53.80578497344373,0.12391770247568075,-0.04688593684641305
50-304,43.25637422815412,0.1775026232696219,-0.04702886804405025
50-305,55.79895930915936,0.0911343978455757,-0.038026657793871245
50-306,55.08239320818887,0.13965930637418794,-0.04294509322987009
50-307,56.17076945873577,0.16811557207535807,-0.027853257274180424
50-308,65.29576855339673,0.08801253803058728,-0.011390698568413083
50-309,74.39617426255168,0.0985545438232962,-0.010842693195031445
50-310,78.39331293680581,0.06031156198769648,-0.012497811513995863
50-311,75.25450690317962,0.06118430474650974,-0.0023244774900628624
50-312,69.85675619314382,0.05825103190525114,-0.005634290637148527
50-313,76.55983475648641,0.08622273999400246,-0.013239499868850103
50-314,60.80594210445133,0.06811279415223477,-0.00916386430081131
50-315,48.526584080287385,0.09840760694366023,-0.02303860549456715
50-316,43.875465320232095,0.15110376955451738,-0.018739553965708332
50-317,59.5871173987228,0.09084503279393774,-0.00964313847169402
50-318,68.0323664541463,0.06079209501406495,-0.003479104559850823
50-319,68.19684600830078,0.06667222548499271,-0.0023629857700303617
50-320,67.62777728126163,0.056143122397921984,-0.0028768518301344583
50-321,64.21585947275162,0.06925902105067769,-0.012277725027866091
50-322,58.908672749996185,0.13868889148780067,-0.02592394470177278
50-323,38.92932329738841,0.12793732885595951,-0.024161248288714757
50-324,30.64386141741717,0.18405656997715572,-0.03976364952846877
50-325,46.82854546232176,0.17146779374107285,-0.030391466791231773
50-326,68.43931317411337,0.10291204873459378,-0.015143422814861718
50-327,69.34814637047903,0.09895083085153115,-0.015763761598129318
50-328,86.77515018229583,0.13080179978309517,-0.020762489857324182
50-329,111.8350588798523,0.07668522753840983,-0.02166306449681436
50-330,98.96834104424282,0.0795723613640148,-0.017624888407892846
50-331,72.34132482148964,0.12510547347212012,-0.01630837975511244
50-332,72.02016781428672,0.06286331912408598,-0.014448877020535275
50-333,70.3255864760455,0.08813165785570785,-0.018996008193314744
50-334,47.51598669161463,0.10325113933462474,-0.018117622814112444
50-335,33.15239739962365,0.16320813425078845,-0.04278113333952974
50-336,30.95937825217465,0.20928861718521605,-0.06793757882012129
50-337,28.628811855127317,0.21489575400025668,-0.06379156945918203
50-338,38.048787893430145,0.15374196866288328,-0.03834728919293892
50-339,66.12090355023001,0.12492221034102516,-0.029488227579581017
50-340,63.051555435612514,0.11512491555762262,-0.026646171022883167
50-341,68.50426987602971,0.12850222280241647,-0.03127023892340833
50-342,89.3629651007064,0.1077680384748617,-0.03042155491720677
50-343,108.50042194339399,0.09820828610996164,-0.03203452911428828
50-344,93.41649299120381,0.07280854650909024,-0.02282716632346518
50-345,84.92866476553459,0.06456085263489418,-0.017396326052717216
50-346,73.39767137292314,0.08236112423049166,-0.010348394540763929
50-347,64.52075002537691,0.08980474494305775,-0.020590494281124153
50-348,63.73372087706477,0.1040437043445075,-0.019284240215823478
50-349,45.77879772927651,0.16077924515787112,-0.04101002312108648
50-350,39.6333068666004,0.15868100481519887,-0.04051542126420702
50-351,53.90121702245764,0.12182172017080736,-0.024694593973538702
50-352,61.75642394150579,0.11053550790065636,-0.017267462637171348
50-353,64.78923331859501,0.07359016219347407,-0.01962343929645083
50-354,85.53518891030171,0.07029623463501741,-0.01787054601944582
50-355,78.17777282826222,0.08660241978263472,-0.020885098173188114
50-356,82.05877604067905,0.0748773708799766,-0.024084474258033492
50-357,67.2112503380611,0.10699016100492297,-0.021167496220973667
50-358,55.40868655118076,0.08119590124221883,-0.014875705312076609
50-359,52.34302757155727,0.09188311730513456,-0.01486042003236613
50-360,40.834341300712836,0.09895871956886543,-0.016859099436479202
50-361,39.35041715701421,0.1661499561661706,-0.03712399409640986
50-362,41.73781161838107,0.18176922513049557,-0.04748455823849666
50-363,32.9874954841625,0.17728078227425412,-0.04327902606921507
50-364,35.250062046810775,0.16271165503146284,-0.04121467827860595
50-365,48.2231874090791,0.17089191357928285,-0.02750939119377734
50-366,69.23095700320076,0.07473759846793329,-0.011642564342239684
50-367,79.12141076112404,0.10134479979754436,-0.02386095294792354
50-368,78.09229292825005,0.09572529990197565,-0.011787904232585444
50-369,68.16366953994289,0.10160418936150364,-0.01924842684762363
50-370,67.4127223734953,0.0930090475114112,-0.0209130164196698
50-371,66.31824295609086,0.0912761908865288,-0.016858154301679158
50-372,64.42940822400547,0.057372113264597444,-0.0092308169951199
50-373,55.1036313944195,0.090334731631389,-0.013288553064988
50-374,58.98258006188177,0.07182039120565906,-0.014757691751697371
50-375,56.37749988692148,0.12611967925315307,-0.02740660106557844
50-376,37.3959858470968,0.17040557016521704,-0.045826799915712466
50-377,36.28462395649183,0.12053269931994857,-0.028541317980238578
50-378,17.534413766115904,0.12610529251018243,-0.03314451476272089
50-379,34.06295892657065,0.15968325703965738,-0.04451872711849587
50-380,50.1083256549915,0.09489491198354762,-0.020399147689560995
50-381,47.31947361795525,0.0846480308889553,-0.0278701964189408
50-382,47.42775438955702,0.11795997027503471,-0.03650868785357942
50-383,22.333906232441265,0.17272836973245553,-0.04669707400193402
50-384,16.50349081559615,0.1612935282133641,-0.03642376393511693
50-385,17.457011064480152,0.19296931415136595,-0.049404635525117854
50-386,18.08100853684751,0.20723874520065827,-0.050256243386701524
50-387,32.13213933561967,0.1714352553161305,-0.04924248554065034
50-388,57.971545121164034,0.13526677282917737,-0.02907087972771142
50-389,57.744881357465474,0.11544993383478581,-0.022188044904198425
50-390,64.4929686046782,0.1916983157666515,-0.03657189442218907
50-391,65.65205341739878,0.14143877333126606,-0.014899873949815564
50-392,75.52718186885753,0.18072681854798256,-0.015118951441679839
50-393,78.2040520606103,0.1112040351515999,-0.009575361050597817
50-394,70.87734818382386,0.10526624432515391,-0.019008812921029707
50-395,57.24663391611935,0.10045375238466123,-0.012228297429459635
50-396,65.72892862047468,0.07389241590038542,-0.006990219218113652
50-397,46.77723575555361,0.14001975441131723,-0.01795984493431545
50-398,43.038130415587865,0.15363029869889186,-0.019866304534078293
50-399,34.66394427235175,0.16962368068423758,-0.0429250826218909
50-400,34.83995096724308,0.18209776373721243,-0.04648710568268708
50-401,40.00324201758528,0.19364103046543016,-0.04165506662656094
50-402,43.69436932361032,0.15614690057651706,-0.02991512814336288
50-403,50.00657149094802,0.162493584303255,-0.028501950435565634
50-404,56.15045162028137,0.12860750236636045,-0.02088993309446324
50-405,63.79094037439069,0.064086320677072,-0.008361351710743531
50-406,54.48979556139778,0.1068497878223757,-0.019172453584260767
50-407,65.06657933686908,0.06222730098078874,-0.0005522702917868319
50-408,63.44590093482354,0.08546640355790239,-0.013689902618551027
50-409,66.54000091552734,0.06345672479337651,-0.008406373290085941
50-410,60.66724680782704,0.10273334077736415,-0.008583112407236375
50-411,54.70995973127162,0.07407024135542169,-0.0037378182597684775
50-412,68.52534131305974,0.09859460290103195,-0.005359004805270522
50-413,73.29042680424416,0.11186718157164649,0.0030294191603905674
50-414,81.28594407317189,0.10856705811822961,0.002959641303006367
50-415,79.522752803486,0.10170550073277475,-0.018189026015745
50-416,82.19334439958844,0.12786437445247228,-0.030321023232415784
50-417,68.57887030160556,0.07033969388617331,-0.018552171974232787
50-418,48.89656899445249,0.13207096828281775,-0.029728162193454748
50-419,39.499339174633185,0.11730245768610362,-0.0351245933717817
50-420,29.244869228324504,0.17843250549290096,-0.04409426864918926
50-421,15.400510067062516,0.20179020238979375,-0.05101201239034028
50-422,35.54887363272653,0.10711582443107044,-0.02790882017012849
50-423,46.02008590698242,0.10088528375665036,-0.020975278223016505
50-424,58.67188716421322,0.0678727324980867,-0.016899699118291305
50-425,78.73079597890674,0.10224524083564257,-0.008096776507219546
50-426,66.43107173556372,0.09734409854848779,0.002243655447409497
50-427,56.86884371914082,0.13936565797586328,-0.013011859710335012
50-428,45.793476786590425,0.07785895637096779,-0.002582094068406605
50-429,44.18898655818058,0.09911766084942887,-0.01348063543934955
50-430,28.994606258362293,0.1349751977897041,-0.027841443504764536
50-431,17.200950527809095,0.1922048476996557,-0.04717876158360028
50-432,18.526379961266738,0.17302004145780212,-0.045307409979211094
50-433,33.552844729916806,0.11241200329380506,-0.023531697453270804
50-434,46.30323695450379,0.09015691241501758,-0.014911843755259058
50-435,47.22093562942616,0.12915768471635097,-0.018196079784321462
50-436,50.4177388388013,0.11284822232607793,-0.01293122479208544
50-437,56.99729417774775,0.09952092361658328,-0.0068856615202781135
50-438,57.29455308991719,0.07253788471966328,-0.0006607738404555684
50-439,53.61131182920585,0.12963094716150697,-0.024027330726759066
50-440,55.75172135062841,0.18101294473382168,-0.04044325620934876
50-441,48.83944171500605,0.10535264477613666,-0.016968091476231042
50-442,42.3858331418505,0.15118192177466142,-0.01808574912851115
50-443,39.75592688794406,0.18381972910877065,-0.02622919986203216
50-444,37.710968999845846,0.15912222309066504,-0.03334082183083723
50-445,33.35877159902625,0.20701932969764886,-0.05751786156903685
50-446,32.603771184653084,0.2134753563242717,-0.049283284919994945
50-447,35.5616508162909,0.1625191948019362,-0.03254499191009036
50-448,42.848954483191726,0.153557864037605,-0.02759670795518522
50-449,48.644619264910304,0.15433556999681422,-0.029964859473900252
50-450,44.13673302629869,0.16011591356373267,-0.03592508499663693
50-451,50.26034269060408,0.0676902575222132,-0.01306466824996723
50-452,43.75719734862611,0.1202246798518549,-0.023478185350325847
50-453,41.52143776253478,0.07894660032373348,-0.013142709683750517
50-454,44.96224786329639,0.10856985794866925,-0.02700798084781656
50-455,43.82028926947177,0.12205987640076169,-0.020139601820783237
50-456,43.127530141001365,0.12881160098737646,-0.026379433951359145
50-457,48.91973977274709,0.1419590521511408,-0.02707557779776147
50-458,36.06606446543048,0.17239178483122672,-0.024210884851656244
50-459,37.351489249335394,0.1558002054916168,-0.04448437234378793
50-460,21.31483398008225,0.14194860851810454,-0.03059591399844154
50-461,13.262939396764775,0.201015654107516,-0.05281068620820394
50-462,16.669769385356464,0.20703063760948645,-0.04970779049300533
50-463,34.941426396133885,0.18429567023937127,-0.0432143384906338
50-464,39.14512423465128,0.1614007919182787,-0.03906067887397823
50-465,30.236867671579176,0.19097513132447871,-0.0473081782061064
50-466,42.93017759179217,0.2036244232565523,-0.04890401098941371
50-467,45.27549020727197,0.15091682038310614,-0.03387990023273223
50-468,41.933312940879695,0.175252309083191,-0.03790117647534266
50-469,44.66423621454735,0.13990854150243676,-0.03568685748048466
50-470,41.001803413766325,0.13963603172316955,-0.03292873958680016
50-471,42.17363457326535,0.13150491159489583,-0.03876957035579678
50-472,50.39930339192236,0.11505650322804566,-0.030562500354178523
50-473,44.50035646377509,0.1443232344027087,-0.025191048883313392
50-474,50.49756033945891,0.12176559630954543,-0.026891113282022292
50-475,41.509365355016115,0.16404858856802115,-0.03144680149286135
50-476,47.09000015258789,0.12551321589024603,-0.03149779739698497
50-477,43.20058822631836,0.12390073149915455,-0.01656602756177311
50-478,37.41572263505724,0.18349285119006659,-0.030024114638312546
50-479,47.483095607996994,0.16964980338040386,-0.03266036066329929
50-480,48.18689499778309,0.18929983248198518,-0.04492339001561462
50-481,50.54696494306444,0.1992562714752097,-0.05226751921549627
50-482,48.94486540578791,0.10054829311553759,-0.028733722643264105
50-483,52.536251227060944,0.09071708855407253,-0.01807309754787946
50-484,49.57824783820611,0.09875321479818285,-0.02451080653597489
50-485,45.59429565532096,0.10465536990062617,-0.023662839256420074
50-486,45.6477713741043,0.12474957239972978,-0.03175457127960463
50-487,44.82200020844081,0.13018207812752203,-0.020290074511820397
50-488,41.773156246609155,0.12113288079426303,-0.028508309062772588
50-489,40.35848974224258,0.13304981258341614,-0.03371244361441489
50-490,40.88719766520341,0.10008488083810009,-0.01900173879784003
50-491,39.95671697912629,0.13494575236528683,-0.032009898274665334
50-492,37.2347546586203,0.18422608904562476,-0.036317749620330936
50-493,21.337360360729164,0.23236168482894096,-0.05770530912794961
50-494,36.46059676172933,0.12218803277803092,-0.024863834537781484
50-495,38.75309381390562,0.15171172294431756,-0.037738029488266295
50-496,21.70326052750566,0.23366258924819708,-0.06734997312020592
50-497,41.745545124167094,0.1636257366562739,-0.03807321080717355
50-498,28.649547070895935,0.23198343164775534,-0.062060985296269626
50-499,26.640980030686432,0.2542425957827386,-0.06595707944701115
50-903,22.659299722238742,0.1669732381639943,-0.03701444270975877
50-904,14.44040008544922,0.15392149043862355,-0.053532082446089944
50-916,7.634597967317955,0.21944712874634595,-0.0690709729574795
50-950,38.35857048813178,0.17916663721281373,-0.0656871196069543
50-999,10.361412660530123,0.23941092069016257,-0.035619684324648564
51-001,20.319569838409734,0.25202175457867154,-0.05462022997381811
51-905,28.656027281816282,0.2154704467350342,-0.05180205110230846
51-906,38.1161955318219,0.21989967724196036,-0.057942613216908655
51-907,52.51102317709341,0.18620164976907233,-0.05598611839517813
51-908,44.50642195320345,0.20862685998924071,-0.06247698462003606
51-909,25.710788402323406,0.21913971233070637,-0.05811682118950665
51-999,12.439466399191293,0.2794557188132163,-0.05960484648300669
52-001,19.593872109087258,0.26396640105208685,-0.06616411123497816
52-002,17.03093624156708,0.272044432672401,-0.0626174757217553
52-003,20.723934536954783,0.24384434944395092,-0.058598030798589225
52-902,21.914780141421012,0.2610320516311349,-0.07569950234900208
52-903,30.9802968865734,0.22383159196601948,-0.05715291168575147
52-904,30.742993131745607,0.25379336883153575,-0.06486647295461782
52-910,12.22109797524243,0.22767421663079196,-0.06524271319750055
52-911,24.34105338569009,0.22171093936297778,-0.06051706584646684
52-912,28.941140514092154,0.24483933579083378,-0.056332690964776146
52-914,15.144735948807623,0.26008706055920144,-0.06679164099006085
52-932,8.577918580340855,0.3093741677769182,-0.07845901689049017
52-939,11.374470983371365,0.2544650064041932,-0.0625797770503995
52-999,5.5631787915093724,0.2980137749616843,-0.0448035522412634
53-001,7.049218719303608,0.2270580727950409,-0.0423519247051599
53-999,4.072834391665726,0.22325391767723515,0.0021615382421013444
54-001,8.125737535995388,0.18013390581021088,-0.03966445458453031
54-999,1.415021876545252,0.2448192916161076,-0.028747220906978777
55-001,40.690908131736876,0.1153538627776554,-0.027054575155081858
55-002,35.2946604862472,0.12261561218393911,-0.027294436987428602
55-003,28.366722561939653,0.13049598193559245,-0.04279841512473366
55-004,25.278308959940016,0.10640520750678556,-0.04201351235118268
55-005,19.894487564781848,0.1038845430482408,-0.04542202795000462
55-006,14.032507209484178,0.11060272178835873,-0.06456820599050833
55-007,22.28937681537549,0.11954595811423713,-0.06639579885779685
55-008,25.673315046892302,0.1161704354891799,-0.05315663552285779
55-009,36.99534981114089,0.09320167743145838,-0.028179364925728666
55-010,39.30705441471829,0.10151775073684274,-0.020730672512737653
55-011,35.961879608442445,0.10917092207680146,-0.03354004228474064
55-012,33.21295974998962,0.11318824938618843,-0.04973303825789991
55-013,36.128716644985985,0.12027829045550546,-0.04326099435689459
55-014,37.22390365600587,0.0855313680526151,-0.020473023546210826
55-015,42.566704963847684,0.11448799968931232,-0.0421490915444644
55-016,41.59672562677241,0.0866252882280334,-0.014498482715870778
55-017,40.22075773007942,0.09067072302234482,-0.009202082456250225
55-018,37.262653889299244,0.12034270035967863,-0.023697946336577517
55-019,44.71044636353034,0.08279691317190463,-0.005575560698894133
55-020,55.51755018348238,0.09302018023943427,-0.00865949228508571
55-021,55.99271069566053,0.08463639320672478,-0.02836229059712629
55-022,49.78949982663417,0.11005472150055148,-0.03346800840333251
55-023,46.18378579843757,0.1333864572511732,-0.0400706157267657
55-024,17.80020011176404,0.1435682759667448,-0.06784917327027637
55-025,20.128229681047838,0.15368229679559853,-0.06981733713369033
55-026,52.64444236670222,0.0915558404533066,-0.030062238430384806
55-027,63.3813189654992,0.08201013481502248,-0.003390317809664295
55-028,56.21736555553618,0.07415454805882975,-0.0064027144804818205
55-029,52.096940550414274,0.10677879120446321,-0.018003628344484254
55-030,49.38578862361526,0.13271637123201535,-0.03506476206571348
55-031,53.20490292402414,0.07220289850482563,-0.024371762421299046
55-032,53.117282183873165,0.053865027277645125,-0.017468217929063397
55-033,45.78478182554245,0.1014582093039989,-0.028385230157248614
55-034,52.14293231265083,0.06556295835396875,-0.02083916086984325
55-035,60.917631078649464,0.10658485414165039,-0.04364064234733716
55-036,57.59095892187667,0.06461628841407221,-0.01372267250807421
55-037,57.40461586485517,0.078350929525903,-0.015247444944861263
55-038,51.727994098639286,0.0855803637430282,-0.018366817159554728
55-039,46.641537772617305,0.09593985335792071,-0.025841876489179585
55-040,44.86296367909439,0.08930464233867122,-0.025887854713490647
55-041,43.774183506868326,0.07470766515680931,-0.022693889402074657
55-042,28.11808727610679,0.1413750528579592,-0.05501570787277777
55-043,41.9144136587205,0.10152829166913606,-0.03614067006793014
55-044,53.229913820833765,0.0838364669706855,-0.032069398582569825
55-045,67.93321994982269,0.0736074267803761,-0.02677112036088874
55-046,56.54673253676868,0.11124630098151628,-0.04280237934839973
55-047,64.81928233846028,0.05486048231381549,-0.035878741088032164
55-048,36.5942032061725,0.12467822669374683,-0.05417765133612254
55-049,39.36268371740977,0.11301132079624027,-0.04359270735925018
55-050,29.175940559544696,0.14677255502183068,-0.05285304566075905
55-051,12.830413855848642,0.1844387724496894,-0.07545222204709398
55-052,19.12089348749192,0.1477195897234364,-0.06632695139644917
55-053,20.106296524228785,0.1881188417768939,-0.0705836441265621
55-902,24.278019866362442,0.15302895426815877,-0.08168653886763613
55-999,10.447489166343777,0.1752114815827584,-0.08622738530218602
56-001,38.57757812198343,0.18303591769722838,-0.05775914467347915
56-002,34.88341506906108,0.1986254911476519,-0.0634407766377589
56-003,35.352228976231,0.22357099260969238,-0.07553081046270956
56-004,37.04645302667302,0.20886740325930478,-0.07498532288619693
56-005,32.12301778355251,0.21958325492005373,-0.06426651363124636
56-006,30.321992880933223,0.18231629817451006,-0.05430621002028328
56-007,31.03296546672953,0.22624310988040686,-0.07368053339701776
56-008,37.697678739603084,0.20979585349753707,-0.0648877571659749
56-009,34.2468275970115,0.238362448247149,-0.06765567470141204
56-010,39.56192432789001,0.21555405152342733,-0.0707625566835727
56-011,37.98245508755957,0.18408551558567982,-0.060991026853501364
56-012,42.81975025741207,0.2017568137587136,-0.04906893559470998
56-013,44.660256429491106,0.18686899408152635,-0.058364964218147644
56-014,40.900159720914914,0.21810992275996066,-0.05960653354739975
56-015,33.99082298787037,0.22594982573086533,-0.07647413201868677
56-016,33.871320456407915,0.20810087025473367,-0.0697723191036381
56-017,27.56757111877565,0.22788677487547934,-0.0743351913239331
56-018,32.26392705403716,0.20947889419741772,-0.0696858960407853
56-019,40.83196104294451,0.1948656736976874,-0.06847425537677884
56-020,42.045250289106136,0.17376957800863224,-0.059427579281385555
56-021,44.46784198485579,0.18813701199227023,-0.05532470318611851
56-022,44.20476170217347,0.1787679565786409,-0.059803463454299495
56-023,23.309604631123616,0.2532476066732707,-0.08473298561893414
56-024,29.003836667762616,0.23019932790861203,-0.07958230362884554
56-025,36.76966579554313,0.24521177246969805,-0.06947859175353523
56-026,40.481954705497685,0.2043074349895882,-0.0646802852069693
56-027,36.276209579279396,0.21091190050793662,-0.06506595713683681
56-028,32.99526308506271,0.2197251680306342,-0.06802468524147524
56-029,44.66221213288817,0.19656438881361557,-0.05408755292648933
56-030,23.15292744611571,0.25500782006334033,-0.07838811706998963
56-031,28.936578342495086,0.233333758396114,-0.061034017832162085
56-999,19.691765410685928,0.28929181744389576,-0.0743927175551443
57-001,33.31693536385725,0.23195575690790285,-0.053726049947732064
57-002,40.7779502373094,0.20524721699951393,-0.04961784392373893
57-003,65.4992679856579,0.14468932357249562,-0.03315772085734951
57-004,47.66873495621573,0.18328644741535274,-0.04225619869051313
57-005,34.443825381520504,0.1995588236005469,-0.04904935216446747
57-006,57.09370654501989,0.17996958225278506,-0.039725679134747977
57-007,58.73136237002581,0.218156186226449,-0.04810681345637207
57-008,58.051436764756446,0.18377751359275832,-0.0377690305605548
57-009,54.74734413173765,0.22543489598445088,-0.06273727193958681
57-010,30.122564652894095,0.2535756324119434,-0.07161118455436466
57-011,18.772055764517248,0.23502079125427905,-0.08318897629056685
57-012,15.6965949933391,0.2172111381388403,-0.07343363325889501
57-999,12.813312027422032,0.2576196220565101,-0.09622229789725344
58-001,9.198571401483873,0.22030887796478907,-0.061853684449085754
58-999,12.533147152727537,0.2525274525013032,-0.0647178516661901
59-001,18.739370381180862,0.22820047802488938,-0.049701773390128136
59-002,19.29674747819811,0.21534104172864765,-0.03625927797759581
59-999,4.674065902378514,0.19964666604807552,0.025470834399012907
60-001,38.19548660011615,0.17785361479258405,-0.0033237184271566805
60-002,47.878255753140714,0.13422665669192513,-0.003766061048886073
60-003,62.63000096082687,0.191817826621396,-0.003312952553895358
60-907,18.21516208820515,0.1825796769662189,-0.008205682796332802
60-916,17.278520224714818,0.20160556748522762,-0.02167504686787479
60-924,16.698516642424597,0.21215569525254507,-0.0673103985930359
60-999,18.65935423609153,0.19911157266747154,0.010730618601892075
61-001,3.0711841661679125,0.2432984905185862,-0.04199687461088582
61-999,0.8079575538532723,0.22788217580008666,-0.005988617171272986
62-001,22.936011980801094,0.2611346315252779,-0.060364424349190496
62-999,7.702463287563077,0.3026905649655495,-0.07106590768502712
63-001,14.531943858297248,0.20090687600008583,-0.06644473532262556
63-002,17.08078534538681,0.19558031190646372,-0.061191995516812245
63-003,16.334686208369483,0.21056233039383093,-0.06615483055248915
63-004,18.403796328840034,0.2168000932897337,-0.06614574986043699
63-902,14.997100172042845,0.17119359429249334,0.001167988560508225
63-905,9.42398761093982,0.1826467703878043,-0.026038068811105708
63-916,22.68560337836769,0.21631721088531736,-0.05406922323071432
63-923,6.962280666619017,0.1488687197936155,-0.07875040216531831
63-937,65.64156163843667,0.21451291693876254,-0.037076222533917326
63-999,15.740889383449034,0.20689765553630893,-0.059874145101202175
64-001,14.685844086469228,0.24222740075159863,-0.06676011065240413
64-923,11.933409235694192,0.2521646660853164,-0.06359133175208406
64-928,10.717862485374807,0.26369394881254526,-0.06688675924812368
64-999,6.267741120618358,0.2532992857463049,-0.07154839127716389
65-001,30.575207135210007,0.17663737390685516,-0.06755802094674053
65-002,21.997561053825684,0.1943101645165777,-0.07611588484951244
65-003,20.783228871708378,0.17971180925028496,-0.07503490215048736
65-004,17.11174422237543,0.1913776443335126,-0.08445898915619834
65-999,16.672908566723887,0.24084191559615253,-0.09014337223906278
66-001,9.61480135344164,0.30448991712532614,-0.0631186006326202
66-999,0.971954601039252,0.19511349560285843,0.02497380041764262
68-001,3.1894129712571986,0.2829382772425838,-0.08192214622671176
68-999,0.8049010994960093,0.24516135078236737,-0.009647443564830086
69-001,7.243524003629007,0.15565068836155224,0.01875540139633844
69-999,0.9525186217461571,0.19050276151460807,0.029705015809288818
70-001,25.631955571753213,0.1952807924147034,-0.05709829727788312
70-002,19.090083631057315,0.19922920647666412,-0.06189057979588729
70-908,13.87401664904145,0.2274546553519024,-0.07342397157691408
70-910,20.302382026043237,0.2365130877376804,-0.06457266324408881
70-912,29.81598600307545,0.21917416683212737,-0.057745076973444436
70-918,40.19926035404205,0.19185201211914799,-0.038618003003278514
70-999,15.188487511689397,0.2496759310944351,-0.07624367693451092
71-001,5.8206132650375375,0.21498572832677548,-0.013320264308369604
71-908,2.3028351845322073,0.2143211223161347,-0.04449108336372865
71-999,1.0350190293184451,0.1903757038903256,0.023843845656197737
72-001,5.568515954492064,0.20833721733177363,-0.017125551000639526
72-906,3.9931625586289625,0.16360941186633288,-0.007849356291711615
72-999,0.7438885906319422,0.16289385357009298,0.03880837791848557
74-001,15.865980887185962,0.23875224635540285,-0.06219838288231049
74-999,4.686133867456563,0.2584952873590051,-0.07125784306097246
75-001,28.871446589308388,0.16856820766666583,-0.028770332070578344
75-002,24.049704115771682,0.19080752670615353,-0.034565276955325595
75-003,23.861972842003283,0.19429053868065693,-0.03703062416642111
75-937,5.10607624567185,0.2400731790238798,-0.04676820048733006
75-999,2.804895897009524,0.175261016401748,0.04202135324748741
76-001,10.853527234144103,0.2572969472897618,-0.018510371604545345
76-950,8.85110290919509,0.24406128864490062,-0.044556896123831256
76-975,2.084099754335565,0.22969167540720034,0.013094670089778408
76-999,1.5019437237098272,0.2030332830750526,0.02426803925056895
77-001,18.13639104312524,0.13234509858745774,-0.043761280250751156
77-002,23.381762519787756,0.1577132264415917,-0.05137282779574391
77-003,28.010577766182497,0.1288541241221021,-0.03927343483097757
77-004,21.98122840324269,0.1478602302249495,-0.04444672617354578
77-005,34.74991766559451,0.13328013247146894,-0.03675688434664383
77-006,33.680428447314405,0.12484880238414063,-0.03099612869475905
77-007,35.27538240373191,0.1572609893648738,-0.05021515139490091
77-905,15.209090753035115,0.10526423116146413,-0.05144879012328643
77-906,25.336619465597476,0.16471239048974703,-0.056606813155623895
77-999,10.152175653223532,0.18988876597219287,-0.05437507885715618
78-001,11.13215341768315,0.22581365599169706,-0.06485281244480912
78-906,4.2225074689779705,0.16737512845872204,-0.02131732898808877
78-914,5.857036671646824,0.25397202902265564,-0.07585014969307484
78-999,6.8784511451218044,0.22168188713909015,-0.047576332892857995
79-001,20.159856552317777,0.2365604033953858,-0.0839293976941123
79-999,18.766171741370414,0.24609782194166377,-0.0795488598939548
80-001,11.738402522870194,0.13477043902640506,-0.05371524354245233
80-002,13.690022182591417,0.11127444063783049,-0.04397136113085594
80-003,22.990084503966735,0.09056436906563846,-0.04349651453837148
80-004,18.753470803739074,0.11629305150649721,-0.0626862024091449
80-005,28.605649441510174,0.0995333699077725,-0.04027453885835823
80-006,34.389193767555916,0.10830341732179588,-0.04546304409609017
80-007,33.75303917023993,0.09832726511117713,-0.03663280889832169
80-008,42.465071261666374,0.09839057920742425,-0.03417666130338469
80-009,40.80111218729326,0.10409561689756816,-0.03567891286745447
80-010,29.39252453802693,0.1459972773398246,-0.06051357066197479
80-910,26.87146335694848,0.11409734899000394,-0.05832904773473872
80-912,23.450000762939453,0.08503797708475544,-0.025097473883816838
80-999,3.739347457905015,0.18363316077635986,-0.07690005402049845
81-001,6.3272879760384475,0.23383770210857424,-0.07340184658656293
81-999,0.9563975458242566,0.2527841027360243,-0.030241063666265073
83-001,22.144998769647994,0.2226273677517795,-0.06255313490037058
83-999,20.13030312344067,0.2081306819980949,-0.06182997354227567
84-001,17.189074452630283,0.23027260608836814,-0.08237139520868514
84-002,22.785485097978594,0.22163062202066114,-0.07301301376275464
84-003,26.386390580698354,0.20659546453140437,-0.07037385050684589
84-004,27.19047386005988,0.2098888793852061,-0.06914682743272799
84-005,24.165261590471516,0.20684345265057777,-0.06746188948852391
84-006,37.01551351905133,0.20067350290204802,-0.05370738709926945
84-007,36.80746221975191,0.21315006465721642,-0.05383805249857226
84-008,29.50717056485852,0.1991669369468813,-0.06257170988431682
84-009,33.084406763170634,0.20120251107667256,-0.06366606411897265
84-010,38.07546857256275,0.20018963755010147,-0.06564014872302429
84-011,32.15914757259684,0.21993530113624307,-0.06804137002395864
84-012,30.356211114701264,0.2016229670523399,-0.06308107921973596
84-013,31.248606371576077,0.19729743273325,-0.06814328291328917
84-014,32.106859752110076,0.1838891417885622,-0.06451226874869438
84-015,29.27517686523167,0.18687232274655094,-0.05833788678254124
84-999,7.457101924680939,0.26027149719664333,-0.08376327513311456
85-001,18.698942897450813,0.20813081161346278,-0.048273858846873866
85-002,25.088384480861567,0.2026086393234517,-0.04198244008236649
85-003,21.239403455955543,0.20805732392672494,-0.044128575159956024
85-999,7.28275235426408,0.2177041574131461,-0.00021231093210962907
86-001,24.114762179056807,0.20019079420496627,-0.0626138551777604
86-906,11.699259033909552,0.16356183552034834,-0.07188752872306263
86-999,10.473963943194684,0.2377541425513645,-0.09657460153868402
