zona_id,I03,nombre_cne,tipo_cne
50-001,50,El Condado,URBANA
50-002,50,El Condado,URBANA
50-003,50,El Condado,URBANA
50-004,50,El Condado,URBANA
50-005,50,El Condado,URBANA
50-006,50,El Condado,URBANA
50-007,50,El Condado,URBANA
50-008,50,El Condado,URBANA
50-009,50,El Condado,URBANA
50-010,50,El Condado,URBANA
50-011,50,El Condado,URBANA
50-012,50,El Condado,URBANA
50-013,50,El Condado,URBANA
50-014,50,El Condado,URBANA
50-015,50,El Condado,URBANA
50-016,50,El Condado,URBANA
50-017,50,El Condado,URBANA
50-018,50,El Condado,URBANA
50-019,50,El Condado,URBANA
50-020,50,El Condado,URBANA
50-021,50,El Condado,URBANA
50-022,50,El Condado,URBANA
50-023,50,El Condado,URBANA
50-024,50,Carcelen,URBANA
50-025,50,Carcelen,URBANA
50-026,50,Carcelen,URBANA
50-027,50,Carcelen,URBANA
50-028,50,Carcelen,URBANA
50-029,50,Carcelen,URBANA
50-030,50,Carcelen,URBANA
50-031,50,Carcelen,URBANA
50-032,50,Carcelen,URBANA
50-033,50,Carcelen,URBANA
50-034,50,Carcelen,URBANA
50-035,50,Carcelen,URBANA
50-036,50,Carcelen,URBANA
50-037,50,Carcelen,URBANA
50-038,50,Carcelen,URBANA
50-039,50,Carcelen,URBANA
50-040,50,Carcelen,URBANA
50-041,50,Comite Del Pueblo,URBANA
50-042,50,Comite Del Pueblo,URBANA
50-043,50,Ponceano,URBANA
50-044,50,Ponceano,URBANA
50-045,50,Ponceano,URBANA
50-046,50,Ponceano,URBANA
50-047,50,Ponceano,URBANA
50-048,50,Ponceano,URBANA
50-049,50,Cotocollao,URBANA
50-050,50,El Condado,URBANA
50-051,50,El Condado,URBANA
50-052,50,El Condado,URBANA
50-053,50,El Condado,URBANA
50-054,50,El Condado,URBANA
50-055,50,El Condado,URBANA
50-056,50,Cochapamba,URBANA
50-057,50,Cochapamba,URBANA
50-058,50,Cochapamba,URBANA
50-059,50,Cochapamba,URBANA
50-060,50,Cochapamba,URBANA
50-061,50,Cochapamba,URBANA
50-062,50,Cochapamba,URBANA
50-063,50,Cotocollao,URBANA
50-064,50,Cotocollao,URBANA
50-065,50,Cotocollao,URBANA
50-066,50,Ponceano,URBANA
50-067,50,Ponceano,URBANA
50-068,50,Ponceano,URBANA
50-069,50,Ponceano,URBANA
50-070,50,Ponceano,URBANA
50-071,50,Ponceano,URBANA
50-072,50,Ponceano,URBANA
50-073,50,Comite Del Pueblo,URBANA
50-074,50,Comite Del Pueblo,URBANA
50-075,50,Comite Del Pueblo,URBANA
50-076,50,Comite Del Pueblo,URBANA
50-077,50,Comite Del Pueblo,URBANA
50-078,50,Comite Del Pueblo,URBANA
50-079,50,Comite Del Pueblo,URBANA
50-080,50,Comite Del Pueblo,URBANA
50-081,50,Comite Del Pueblo,URBANA
50-082,50,Comite Del Pueblo,URBANA
50-083,50,Comite Del Pueblo,URBANA
50-084,50,Comite Del Pueblo,URBANA
50-085,50,Comite Del Pueblo,URBANA
50-086,50,Comite Del Pueblo,URBANA
50-087,50,Kennedy,URBANA
50-088,50,Kennedy,URBANA
50-089,50,Kennedy,URBANA
50-090,50,La Concepcion,URBANA
50-091,50,Cotocollao,URBANA
50-092,50,Cotocollao,URBANA
50-093,50,Cotocollao,URBANA
50-094,50,Cochapamba,URBANA
50-095,50,La Concepcion,URBANA
50-096,50,La Concepcion,URBANA
50-097,50,La Concepcion,URBANA
50-098,50,Cochapamba,URBANA
50-099,50,Cochapamba,URBANA
50-100,50,Cochapamba,URBANA
50-101,50,Cochapamba,URBANA
50-102,50,Cochapamba,URBANA
50-103,50,Cochapamba,URBANA
50-104,50,La Concepcion,URBANA
50-105,50,La Concepcion,URBANA
50-106,50,La Concepcion,URBANA
50-107,50,La Concepcion,URBANA
50-108,50,Cochapamba,URBANA
50-109,50,Cochapamba,URBANA
50-110,50,Cochapamba,URBANA
50-111,50,Cochapamba,URBANA
50-112,50,Rumipamba,URBANA
50-113,50,La Concepcion,URBANA
50-114,50,Kennedy,URBANA
50-115,50,Kennedy,URBANA
50-116,50,Kennedy,URBANA
50-117,50,San Isidro Del Inca,URBANA
50-118,50,San Isidro Del Inca,URBANA
50-119,50,San Isidro Del Inca,URBANA
50-120,50,San Isidro Del Inca,URBANA
50-121,50,San Isidro Del Inca,URBANA
50-122,50,San Isidro Del Inca,URBANA
50-123,50,San Isidro Del Inca,URBANA
50-124,50,San Isidro Del Inca,URBANA
50-125,50,San Isidro Del Inca,URBANA
50-126,50,Kennedy,URBANA
50-127,50,Kennedy,URBANA
50-128,50,Kennedy,URBANA
50-129,50,Kennedy,URBANA
50-130,50,Kennedy,URBANA
50-131,50,Kennedy,URBANA
50-132,50,Kennedy,URBANA
50-133,50,Kennedy,URBANA
50-134,50,Kennedy,URBANA
50-135,50,San Isidro Del Inca,URBANA
50-136,50,San Isidro Del Inca,URBANA
50-137,50,Jipijapa,URBANA
50-138,50,Jipijapa,URBANA
50-139,50,Jipijapa,URBANA
50-140,50,Jipijapa,URBANA
50-141,50,Jipijapa,URBANA
50-142,50,Jipijapa,URBANA
50-143,50,Rumipamba,URBANA
50-144,50,Rumipamba,URBANA
50-145,50,Rumipamba,URBANA
50-146,50,Rumipamba,URBANA
50-147,50,Jipijapa,URBANA
50-148,50,Jipijapa,URBANA
50-149,50,Jipijapa,URBANA
50-150,50,Jipijapa,URBANA
50-151,50,Iñaquito,URBANA
50-152,50,Iñaquito,URBANA
50-153,50,Iñaquito,URBANA
50-154,50,Iñaquito,URBANA
50-155,50,Iñaquito,URBANA
50-156,50,Iñaquito,URBANA
50-157,50,Rumipamba,URBANA
50-158,50,Rumipamba,URBANA
50-159,50,Rumipamba,URBANA
50-160,50,Belisario Quevedo,URBANA
50-161,50,Belisario Quevedo,URBANA
50-162,50,Belisario Quevedo,URBANA
50-163,50,Belisario Quevedo,URBANA
50-164,50,Belisario Quevedo,URBANA
50-165,50,Belisario Quevedo,URBANA
50-166,50,Belisario Quevedo,URBANA
50-167,50,Belisario Quevedo,URBANA
50-168,50,Belisario Quevedo,URBANA
50-169,50,Iñaquito,URBANA
50-170,50,Iñaquito,URBANA
50-171,50,Iñaquito,URBANA
50-172,50,Iñaquito,URBANA
50-173,50,Iñaquito,URBANA
50-174,50,Iñaquito,URBANA
50-175,50,Iñaquito,URBANA
50-176,50,Iñaquito,URBANA
50-177,50,Itchimbia,URBANA
50-178,50,Iñaquito,URBANA
50-179,50,Iñaquito,URBANA
50-180,50,Mariscal Sucre,URBANA
50-181,50,Belisario Quevedo,URBANA
50-182,50,Belisario Quevedo,URBANA
50-183,50,Belisario Quevedo,URBANA
50-184,50,Belisario Quevedo,URBANA
50-185,50,Belisario Quevedo,URBANA
50-186,50,Belisario Quevedo,URBANA
50-187,50,San Juan,URBANA
50-188,50,Belisario Quevedo,URBANA
50-189,50,Mariscal Sucre,URBANA
50-190,50,Mariscal Sucre,URBANA
50-191,50,Mariscal Sucre,URBANA
50-192,50,Mariscal Sucre,URBANA
50-193,50,Mariscal Sucre,URBANA
50-194,50,Itchimbia,URBANA
50-195,50,Itchimbia,URBANA
50-196,50,Itchimbia,URBANA
50-197,50,Itchimbia,URBANA
50-198,50,Itchimbia,URBANA
50-199,50,Itchimbia,URBANA
50-200,50,San Juan,URBANA
50-201,50,San Juan,URBANA
50-202,50,San Juan,URBANA
50-203,50,San Juan,URBANA
50-204,50,San Juan,URBANA
50-205,50,San Juan,URBANA
50-206,50,San Juan,URBANA
50-207,50,San Juan,URBANA
50-208,50,San Juan,URBANA
50-209,50,San Juan,URBANA
50-210,50,San Juan,URBANA
50-211,50,San Juan,URBANA
50-212,50,San Juan,URBANA
50-213,50,San Juan,URBANA
50-214,50,San Juan,URBANA
50-215,50,Centro Historico,URBANA
50-216,50,Centro Historico,URBANA
50-217,50,Centro Historico,URBANA
50-218,50,Centro Historico,URBANA
50-219,50,Centro Historico,URBANA
50-220,50,Itchimbia,URBANA
50-221,50,Itchimbia,URBANA
50-222,50,Puengasi,URBANA
50-223,50,Puengasi,URBANA
50-224,50,Puengasi,URBANA
50-225,50,Puengasi,URBANA
50-226,50,Puengasi,URBANA
50-227,50,Puengasi,URBANA
50-228,50,Puengasi,URBANA
50-229,50,Puengasi,URBANA
50-230,50,Puengasi,URBANA
50-231,50,Puengasi,URBANA
50-232,50,Puengasi,URBANA
50-233,50,Chimbacalle,URBANA
50-234,50,Centro Historico,URBANA
50-235,50,Centro Historico,URBANA
50-236,50,Centro Historico,URBANA
50-237,50,Centro Historico,URBANA
50-238,50,Centro Historico,URBANA
50-239,50,La Libertad,URBANA
50-240,50,La Libertad,URBANA
50-241,50,La Libertad,URBANA
50-242,50,La Libertad,URBANA
50-243,50,Centro Historico,URBANA
50-244,50,La Libertad,URBANA
50-245,50,La Libertad,URBANA
50-246,50,La Libertad,URBANA
50-247,50,La Libertad,URBANA
50-248,50,Chilibulo,URBANA
50-249,50,Chilibulo,URBANA
50-250,50,Chilibulo,URBANA
50-251,50,Chilibulo,URBANA
50-252,50,La Magdalena,URBANA
50-253,50,La Magdalena,URBANA
50-254,50,La Magdalena,URBANA
50-255,50,Chimbacalle,URBANA
50-256,50,Chimbacalle,URBANA
50-257,50,Chimbacalle,URBANA
50-258,50,Chimbacalle,URBANA
50-259,50,Chimbacalle,URBANA
50-260,50,La Ferroviaria,URBANA
50-261,50,La Ferroviaria,URBANA
50-262,50,Puengasi,URBANA
50-263,50,Puengasi,URBANA
50-264,50,Puengasi,URBANA
50-265,50,Puengasi,URBANA
50-266,50,Puengasi,URBANA
50-267,50,Puengasi,URBANA
50-268,50,Puengasi,URBANA
50-269,50,Puengasi,URBANA
50-270,50,Puengasi,URBANA
50-271,50,La Ferroviaria,URBANA
50-272,50,La Ferroviaria,URBANA
50-273,50,La Ferroviaria,URBANA
50-274,50,Chimbacalle,URBANA
50-275,50,Chimbacalle,URBANA
50-276,50,Chimbacalle,URBANA
50-277,50,Chimbacalle,URBANA
50-278,50,La Magdalena,URBANA
50-279,50,La Magdalena,URBANA
50-280,50,La Magdalena,URBANA
50-281,50,Chilibulo,URBANA
50-282,50,Chilibulo,URBANA
50-283,50,Chilibulo,URBANA
50-284,50,Chilibulo,URBANA
50-285,50,Chilibulo,URBANA
50-286,50,Chilibulo,URBANA
50-287,50,Chilibulo,URBANA
50-288,50,Chilibulo,URBANA
50-289,50,La Magdalena,URBANA
50-290,50,San Bartolo,URBANA
50-291,50,San Bartolo,URBANA
50-292,50,San Bartolo,URBANA
50-293,50,San Bartolo,URBANA
50-294,50,San Bartolo,URBANA
50-295,50,La Ferroviaria,URBANA
50-296,50,La Ferroviaria,URBANA
50-297,50,La Ferroviaria,URBANA
50-298,50,La Ferroviaria,URBANA
50-299,50,La Ferroviaria,URBANA
50-300,50,La Ferroviaria,URBANA
50-301,50,La Ferroviaria,URBANA
50-302,50,La Ferroviaria,URBANA
50-303,50,La Ferroviaria,URBANA
50-304,50,La Ferroviaria,URBANA
50-305,50,La Ferroviaria,URBANA
50-306,50,La Ferroviaria,URBANA
50-307,50,La Ferroviaria,URBANA
50-308,50,San Bartolo,URBANA
50-309,50,San Bartolo,URBANA
50-310,50,San Bartolo,URBANA
50-311,50,San Bartolo,URBANA
50-312,50,San Bartolo,URBANA
50-313,50,San Bartolo,URBANA
50-314,50,Chilibulo,URBANA
50-315,50,Chilibulo,URBANA
50-316,50,La Mena,URBANA
50-317,50,La Mena,URBANA
50-318,50,San Bartolo,URBANA
50-319,50,San Bartolo,URBANA
50-320,50,San Bartolo,URBANA
50-321,50,La Mena,URBANA
50-322,50,La Mena,URBANA
50-323,50,La Mena,URBANA
50-324,50,La Mena,URBANA
50-325,50,La Mena,URBANA
50-326,50,La Mena,URBANA
50-327,50,San Bartolo,URBANA
50-328,50,Solanda,URBANA
50-329,50,Solanda,URBANA
50-330,50,Solanda,URBANA
50-331,50,San Bartolo,URBANA
50-332,50,La Argelia,URBANA
50-333,50,La Argelia,URBANA
50-334,50,La Argelia,URBANA
50-335,50,La Argelia,URBANA
50-336,50,La Argelia,URBANA
50-337,50,La Argelia,URBANA
50-338,50,La Argelia,URBANA
50-339,50,La Argelia,URBANA
50-340,50,La Argelia,URBANA
50-341,50,La Argelia,URBANA
50-342,50,Solanda,URBANA
50-343,50,Solanda,URBANA
50-344,50,Solanda,URBANA
50-345,50,Solanda,URBANA
50-346,50,Solanda,URBANA
50-347,50,Solanda,URBANA
50-348,50,La Mena,URBANA
50-349,50,La Mena,URBANA
50-350,50,La Mena,URBANA
50-351,50,La Mena,URBANA
50-352,50,La Mena,URBANA
50-353,50,Solanda,URBANA
50-354,50,Solanda,URBANA
50-355,50,Solanda,URBANA
50-356,50,Solanda,URBANA
50-357,50,La Argelia,URBANA
50-358,50,La Argelia,URBANA
50-359,50,La Argelia,URBANA
50-360,50,La Argelia,URBANA
50-361,50,La Argelia,URBANA
50-362,50,La Argelia,URBANA
50-363,50,La Argelia,URBANA
50-364,50,La Argelia,URBANA
50-365,50,La Argelia,URBANA
50-366,50,La Argelia,URBANA
50-367,50,Solanda,URBANA
50-368,50,Solanda,URBANA
50-369,50,Solanda,URBANA
50-370,50,Solanda,URBANA
50-371,50,Solanda,URBANA
50-372,50,Chillogallo,URBANA
50-373,50,Chillogallo,URBANA
50-374,50,Chillogallo,URBANA
50-375,50,Chillogallo,URBANA
50-376,50,Chillogallo,URBANA
50-377,50,Chillogallo,URBANA
50-378,50,Chillogallo,URBANA
50-379,50,Chillogallo,URBANA
50-380,50,Chillogallo,URBANA
50-381,50,Chillogallo,URBANA
50-382,50,Chillogallo,URBANA
50-383,50,Chillogallo,URBANA
50-384,50,Chillogallo,URBANA
50-385,50,Chillogallo,URBANA
50-386,50,Chillogallo,URBANA
50-387,50,Chillogallo,URBANA
50-388,50,Chillogallo,URBANA
50-389,50,Chillogallo,URBANA
50-390,50,Quitumbe,URBANA
50-391,50,Quitumbe,URBANA
50-392,50,Quitumbe,URBANA
50-393,50,Quitumbe,URBANA
50-394,50,Quitumbe,URBANA
50-395,50,Quitumbe,URBANA
50-396,50,Quitumbe,URBANA
50-397,50,Quitumbe,URBANA
50-398,50,Quitumbe,URBANA
50-399,50,Quitumbe,URBANA
50-400,50,Quitumbe,URBANA
50-401,50,Quitumbe,URBANA
50-402,50,Quitumbe,URBANA
50-403,50,Quitumbe,URBANA
50-404,50,Quitumbe,URBANA
50-405,50,Quitumbe,URBANA
50-406,50,Quitumbe,URBANA
50-407,50,Quitumbe,URBANA
50-408,50,Quitumbe,URBANA
50-409,50,Quitumbe,URBANA
50-410,50,Quitumbe,URBANA
50-411,50,Quitumbe,URBANA
50-412,50,Quitumbe,URBANA
50-413,50,Quitumbe,URBANA
50-414,50,Quitumbe,URBANA
50-415,50,La Ecuatoriana,URBANA
50-416,50,La Ecuatoriana,URBANA
50-417,50,La Ecuatoriana,URBANA
50-418,50,La Ecuatoriana,URBANA
50-419,50,Chillogallo,URBANA
50-420,50,La Ecuatoriana,URBANA
50-421,50,La Ecuatoriana,URBANA
50-422,50,La Ecuatoriana,URBANA
50-423,50,La Ecuatoriana,URBANA
50-424,50,La Ecuatoriana,URBANA
50-425,50,La Ecuatoriana,URBANA
50-426,50,Quitumbe,URBANA
50-427,50,Quitumbe,URBANA
50-428,50,La Ecuatoriana,URBANA
50-429,50,La Ecuatoriana,URBANA
50-430,50,La Ecuatoriana,URBANA
50-431,50,La Ecuatoriana,URBANA
50-432,50,La Ecuatoriana,URBANA
50-433,50,La Ecuatoriana,URBANA
50-434,50,La Ecuatoriana,URBANA
50-435,50,Guamani,URBANA
50-436,50,Guamani,URBANA
50-437,50,Guamani,URBANA
50-438,50,Guamani,URBANA
50-439,50,Turubamba,URBANA
50-440,50,Turubamba,URBANA
50-441,50,Turubamba,URBANA
50-442,50,Quitumbe,URBANA
50-443,50,Quitumbe,URBANA
50-444,50,Quitumbe,URBANA
50-445,50,Turubamba,URBANA
50-446,50,Turubamba,URBANA
50-447,50,Turubamba,URBANA
50-448,50,Turubamba,URBANA
50-449,50,Turubamba,URBANA
50-450,50,Turubamba,URBANA
50-451,50,Guamani,URBANA
50-452,50,Guamani,URBANA
50-453,50,Guamani,URBANA
50-454,50,Guamani,URBANA
50-455,50,Guamani,URBANA
50-456,50,Guamani,URBANA
50-457,50,Guamani,URBANA
50-458,50,Guamani,URBANA
50-459,50,Guamani,URBANA
50-460,50,La Ecuatoriana,URBANA
50-461,50,La Ecuatoriana,URBANA
50-462,50,La Ecuatoriana,URBANA
50-463,50,Guamani,URBANA
50-464,50,Guamani,URBANA
50-465,50,Guamani,URBANA
50-466,50,Guamani,URBANA
50-467,50,Guamani,URBANA
50-468,50,Guamani,URBANA
50-469,50,Guamani,URBANA
50-470,50,Turubamba,URBANA
50-471,50,Turubamba,URBANA
50-472,50,Turubamba,URBANA
50-473,50,Turubamba,URBANA
50-474,50,Turubamba,URBANA
50-475,50,Turubamba,URBANA
50-476,50,Turubamba,URBANA
50-477,50,Turubamba,URBANA
50-478,50,Turubamba,URBANA
50-479,50,Turubamba,URBANA
50-480,50,Turubamba,URBANA
50-481,50,Turubamba,URBANA
50-482,50,Turubamba,URBANA
50-483,50,Turubamba,URBANA
50-484,50,Turubamba,URBANA
50-485,50,Turubamba,URBANA
50-486,50,Guamani,URBANA
50-487,50,Guamani,URBANA
50-488,50,Guamani,URBANA
50-489,50,Guamani,URBANA
50-490,50,Guamani,URBANA
50-491,50,Guamani,URBANA
50-492,50,Guamani,URBANA
50-493,50,Guamani,URBANA
50-494,50,Guamani,URBANA
50-495,50,Guamani,URBANA
50-496,50,Guamani,URBANA
50-497,50,Turubamba,URBANA
50-498,50,Turubamba,URBANA
50-499,50,Turubamba,URBANA
50-903,50,El Condado,URBANA
50-904,50,El Condado,URBANA
50-916,50,El Condado,URBANA
50-950,50,Iñaquito,URBANA
50-999,50,San Juan,URBANA
51-001,51,Alangasi,RURAL
51-905,51,Alangasi,RURAL
51-906,51,Alangasi,RURAL
51-907,51,Alangasi,RURAL
51-908,51,Alangasi,RURAL
51-909,51,Alangasi,RURAL
51-999,51,Alangasi,RURAL
52-001,52,Amaguaña,RURAL
52-002,52,Amaguaña,RURAL
52-003,52,Amaguaña,RURAL
52-902,52,Amaguaña,RURAL
52-903,52,Amaguaña,RURAL
52-904,52,Amaguaña,RURAL
52-910,52,Amaguaña,RURAL
52-911,52,Amaguaña,RURAL
52-912,52,Amaguaña,RURAL
52-914,52,Amaguaña,RURAL
52-932,52,Amaguaña,RURAL
52-939,52,Amaguaña,RURAL
52-999,52,Amaguaña,RURAL
53-001,53,Atahualpa /Habaspamba,RURAL
53-999,53,Atahualpa /Habaspamba,RURAL
54-001,54,Calacali,RURAL
54-999,54,Calacali,RURAL
55-001,55,Calderon,RURAL
55-002,55,Calderon,RURAL
55-003,55,Calderon,RURAL
55-004,55,Calderon,RURAL
55-005,55,Calderon,RURAL
55-006,55,Calderon,RURAL
55-007,55,Calderon,RURAL
55-008,55,Calderon,RURAL
55-009,55,Calderon,RURAL
55-010,55,Calderon,RURAL
55-011,55,Calderon,RURAL
55-012,55,Calderon,RURAL
55-013,55,Calderon,RURAL
55-014,55,Calderon,RURAL
55-015,55,Calderon,RURAL
55-016,55,Calderon,RURAL
55-017,55,Calderon,RURAL
55-018,55,Calderon,RURAL
55-019,55,Calderon,RURAL
55-020,55,Calderon,RURAL
55-021,55,Calderon,RURAL
55-022,55,Calderon,RURAL
55-023,55,Calderon,RURAL
55-024,55,Calderon,RURAL
55-025,55,Calderon,RURAL
55-026,55,Calderon,RURAL
55-027,55,Calderon,RURAL
55-028,55,Calderon,RURAL
55-029,55,Calderon,RURAL
55-030,55,Calderon,RURAL
55-031,55,Calderon,RURAL
55-032,55,Calderon,RURAL
55-033,55,Calderon,RURAL
55-034,55,Calderon,RURAL
55-035,55,Calderon,RURAL
55-036,55,Calderon,RURAL
55-037,55,Calderon,RURAL
55-038,55,Calderon,RURAL
55-039,55,Calderon,RURAL
55-040,55,Calderon,RURAL
55-041,55,Calderon,RURAL
55-042,55,Calderon,RURAL
55-043,55,Calderon,RURAL
55-044,55,Calderon,RURAL
55-045,55,Calderon,RURAL
55-046,55,Calderon,RURAL
55-047,55,Calderon,RURAL
55-048,55,Calderon,RURAL
55-049,55,Calderon,RURAL
55-050,55,Calderon,RURAL
55-051,55,Calderon,RURAL
55-052,55,Calderon,RURAL
55-053,55,Calderon,RURAL
55-902,55,Calderon,RURAL
55-999,55,Calderon,RURAL
56-001,56,Conocoto,RURAL
56-002,56,Conocoto,RURAL
56-003,56,Conocoto,RURAL
56-004,56,Conocoto,RURAL
56-005,56,Conocoto,RURAL
56-006,56,Conocoto,RURAL
56-007,56,Conocoto,RURAL
56-008,56,Conocoto,RURAL
56-009,56,Conocoto,RURAL
56-010,56,Conocoto,RURAL
56-011,56,Conocoto,RURAL
56-012,56,Conocoto,RURAL
56-013,56,Conocoto,RURAL
56-014,56,Conocoto,RURAL
56-015,56,Conocoto,RURAL
56-016,56,Conocoto,RURAL
56-017,56,Conocoto,RURAL
56-018,56,Conocoto,RURAL
56-019,56,Conocoto,RURAL
56-020,56,Conocoto,RURAL
56-021,56,Conocoto,RURAL
56-022,56,Conocoto,RURAL
56-023,56,Conocoto,RURAL
56-024,56,Conocoto,RURAL
56-025,56,Conocoto,RURAL
56-026,56,Conocoto,RURAL
56-027,56,Conocoto,RURAL
56-028,56,Conocoto,RURAL
56-029,56,Conocoto,RURAL
56-030,56,Conocoto,RURAL
56-031,56,Conocoto,RURAL
56-999,56,Conocoto,RURAL
57-001,57,Cumbaya,RURAL
57-002,57,Cumbaya,RURAL
57-003,57,Cumbaya,RURAL
57-004,57,Cumbaya,RURAL
57-005,57,Cumbaya,RURAL
57-006,57,Cumbaya,RURAL
57-007,57,Cumbaya,RURAL
57-008,57,Cumbaya,RURAL
57-009,57,Cumbaya,RURAL
57-010,57,Cumbaya,RURAL
57-011,57,Cumbaya,RURAL
57-012,57,Cumbaya,RURAL
57-999,57,Cumbaya,RURAL
58-001,58,Chavezpamba,RURAL
58-999,58,Chavezpamba,RURAL
59-001,59,Checa,RURAL
59-002,59,Checa,RURAL
59-999,59,Checa,RURAL
60-001,60,Quinche,RURAL
60-002,60,Quinche,RURAL
60-003,60,Quinche,RURAL
60-907,60,Quinche,RURAL
60-916,60,Quinche,RURAL
60-924,60,Quinche,RURAL
60-999,60,Quinche,RURAL
61-001,61,Gualea,RURAL
61-999,61,Gualea,RURAL
62-001,62,Guangopolo,RURAL
62-999,62,Guangopolo,RURAL
63-001,63,Guayllabamba,RURAL
63-002,63,Guayllabamba,RURAL
63-003,63,Guayllabamba,RURAL
63-004,63,Guayllabamba,RURAL
63-902,63,Guayllabamba,RURAL
63-905,63,Guayllabamba,RURAL
63-916,63,Guayllabamba,RURAL
63-923,63,Guayllabamba,RURAL
63-937,63,Guayllabamba,RURAL
63-999,63,Guayllabamba,RURAL
64-001,64,La Merced,RURAL
64-923,64,La Merced,RURAL
64-928,64,La Merced,RURAL
64-999,64,La Merced,RURAL
65-001,65,Llano Chico,RURAL
65-002,65,Llano Chico,RURAL
65-003,65,Llano Chico,RURAL
65-004,65,Llano Chico,RURAL
65-999,65,Llano Chico,RURAL
66-001,66,Lloa,RURAL
66-999,66,Lloa,RURAL
68-001,68,Nanegal,RURAL
68-999,68,Nanegal,RURAL
69-001,69,Nanegalito,RURAL
69-999,69,Nanegalito,RURAL
70-001,70,Nayon,RURAL
70-002,70,Nayon,RURAL
70-908,70,Nayon,RURAL
70-910,70,Nayon,RURAL
70-912,70,Nayon,RURAL
70-918,70,Nayon,RURAL
70-999,70,Nayon,RURAL
71-001,71,Nono,RURAL
71-908,71,Nono,RURAL
71-999,71,Nono,RURAL
72-001,72,Pacto,RURAL
72-906,72,Pacto,RURAL
72-999,72,Pacto,RURAL
74-001,74,Perucho,RURAL
74-999,74,Perucho,RURAL
75-001,75,Pifo,RURAL
75-002,75,Pifo,RURAL
75-003,75,Pifo,RURAL
75-937,75,Pifo,RURAL
75-999,75,Pifo,RURAL
76-001,76,Pintag,RURAL
76-950,76,Pintag,RURAL
76-975,76,Pintag,RURAL
76-999,76,Pintag,RURAL
77-001,77,Pomasqui,RURAL
77-002,77,Pomasqui,RURAL
77-003,77,Pomasqui,RURAL
77-004,77,Pomasqui,RURAL
77-005,77,Pomasqui,RURAL
77-006,77,Pomasqui,RURAL
77-007,77,Pomasqui,RURAL
77-905,77,Pomasqui,RURAL
77-906,77,Pomasqui,RURAL
77-999,77,Pomasqui,RURAL
78-001,78,Puellaro,RURAL
78-906,78,Puellaro,RURAL
78-914,78,Puellaro,RURAL
78-999,78,Puellaro,RURAL
79-001,79,Puembo,RURAL
79-999,79,Puembo,RURAL
80-001,80,San Antonio,RURAL
80-002,80,San Antonio,RURAL
80-003,80,San Antonio,RURAL
80-004,80,San Antonio,RURAL
80-005,80,San Antonio,RURAL
80-006,80,San Antonio,RURAL
80-007,80,San Antonio,RURAL
80-008,80,San Antonio,RURAL
80-009,80,San Antonio,RURAL
80-010,80,San Antonio,RURAL
80-910,80,San Antonio,RURAL
80-912,80,San Antonio,RURAL
80-999,80,San Antonio,RURAL
81-001,81,San Jose De Minas,RURAL
81-999,81,San Jose De Minas,RURAL
83-001,83,Tababela,RURAL
83-999,83,Tababela,RURAL
84-001,84,Tumbaco,RURAL
84-002,84,Tumbaco,RURAL
84-003,84,Tumbaco,RURAL
84-004,84,Tumbaco,RURAL
84-005,84,Tumbaco,RURAL
84-006,84,Tumbaco,RURAL
84-007,84,Tumbaco,RURAL
84-008,84,Tumbaco,RURAL
84-009,84,Tumbaco,RURAL
84-010,84,Tumbaco,RURAL
84-011,84,Tumbaco,RURAL
84-012,84,Tumbaco,RURAL
84-013,84,Tumbaco,RURAL
84-014,84,Tumbaco,RURAL
84-015,84,Tumbaco,RURAL
84-999,84,Tumbaco,RURAL
85-001,85,Yaruqui,RURAL
85-002,85,Yaruqui,RURAL
85-003,85,Yaruqui,RURAL
85-999,85,Yaruqui,RURAL
86-001,86,Zambiza,RURAL
86-906,86,Zambiza,RURAL
86-999,86,Zambiza,RURAL
